VehV,SteeringAg,LatA,YawRate,LgtA,WhlFx_FL,WhlFx_RL,WhlFx_FR,WhlFx_RR
58.94,0.138866002407101,0.001,0.165879995038989,0.017,117,117,181,164
58.99,0.138866002407101,0.001,0.317459990505652,0.016,117,100,164,181
58.85,0.138866002407101,0,0.417559987511939,0.015,134,117,181,198
58.9,0.138866002407101,-0.003,0.51479998460376,0.014,174,149,198,236
58.95,0.148022002565811,-0.01,0.612039981695582,0.015,194,130,213,213
58.99,0.148022002565811,-0.024,0.612039981695582,0.017,168,109,193,193
59.04,0.148022002565811,-0.029,0.563419983149671,0.018,153,136,184,184
59.04,0.148022002565811,-0.014,0.51479998460376,0.019,136,119,197,159
59.09,0.148022002565811,0.005,0.417559987511939,0.018,116,91,184,184
59.09,0.148022002565811,0.012,0.417559987511939,0.016,94,119,172,210
59.14,0.148022002565811,0.006,0.51479998460376,0.014,74,138,190,224
59.18,0.148022002565811,0.006,0.612039981695582,0.013,100,159,214,214
59.21,0.138866002407101,0.008,0.712139978701868,0.011,122,139,228,194
59.07,0.138866002407101,0.006,0.81509997562262,0.009,139,139,246,176
59.12,0.138866002407101,0.002,0.863719974168531,0.009,156,139,224,190
59.17,0.138866002407101,0.003,0.915199972628907,0.009,156,139,239,239
59.19,0.138866002407101,0.002,0.863719974168531,0.011,173,114,222,256
59.19,0.138866002407101,-0.004,0.81509997562262,0.012,198,139,204,274
59.05,0.138866002407101,-0.004,0.76647997707671,0.012,173,156,222,256
59.1,0.138866002407101,0.006,0.712139978701868,0.011,156,173,240,278
59.13,0.138866002407101,0.014,0.663519980155958,0.009,139,198,259,259
59.18,0.138866002407101,0.018,0.663519980155958,0.007,114,173,242,242
59.04,0.138866002407101,0.012,0.663519980155958,0.006,139,173,219,219
59.09,0.138866002407101,0.006,0.663519980155958,0.006,156,156,197,197
59.14,0.148022002565811,0.011,0.612039981695582,0.008,170,136,213,174
59.19,0.148022002565811,0.024,0.612039981695582,0.008,195,111,235,197
59.24,0.148022002565811,0.029,0.663519980155958,0.008,170,136,253,219
59.1,0.138866002407101,0.021,0.76647997707671,0.008,153,153,275,237
59.15,0.131236002274843,0.017,0.76647997707671,0.008,136,170,252,252
59.01,0.10987200190452,0.018,0.76647997707671,0.006,111,195,233,271
59.06,0.0976640016929063,0.026,0.81509997562262,0.005,136,215,255,294
59.11,0.0747740012961314,0.029,0.863719974168531,0.005,151,195,233,271
59.15,0.0595140010316148,0.022,0.915199972628907,0.005,170,170,209,243
59.01,0.0366240006348399,0.012,0.915199972628907,0.005,195,151,187,225
59.06,0.0244160004232266,0,0.81509997562262,0.005,167,133,206,206
59.08,0.00915600015870996,-0.001,0.76647997707671,0.006,149,105,225,187
58.94,-0.00305200005290332,0.005,0.712139978701868,0.007,130,105,240,206
58.99,-0.0152600002645166,0.008,0.663519980155958,0.007,100,125,223,223
59.04,-0.0274680004761299,0.01,0.663519980155958,0.007,80,144,206,240
59.09,-0.0366240006348399,0.005,0.663519980155958,0.006,100,159,223,223
58.95,-0.0442540007670982,0,0.612039981695582,0.006,125,142,237,203
59,-0.0564620009787114,-0.002,0.612039981695582,0.007,142,159,255,185
59.05,-0.0564620009787114,-0.003,0.612039981695582,0.007,165,190,282,209
58.91,-0.0656180011374214,0.002,0.466179986057849,0.006,190,165,262,224
58.96,-0.0656180011374214,0.011,0.263119992130811,0.005,159,142,234,234
59.01,-0.0656180011374214,0.008,0.165879995038989,0.004,136,119,208,246
58.87,-0.0656180011374214,0.003,0.114399996578613,0.004,116,91,190,224
58.92,-0.0656180011374214,0.003,0.114399996578613,0.005,136,119,168,206
58.97,-0.0656180011374214,0.007,0.0657799980327027,0.007,109,126,131,170
59.02,-0.0656180011374214,0.008,0.0142999995723267,0.008,126,109,151,151
58.88,-0.0656180011374214,0.001,-0.034319998973584,0.008,106,123,164,164
58.93,-0.0656180011374214,-0.013,-0.188759994354712,0.007,123,140,184,184
58.98,-0.0564620009787114,-0.025,-0.285999991446533,0.007,143,168,204,204
59.03,-0.0503580008729048,-0.028,-0.285999991446533,0.005,123,140,223,185
58.89,-0.0503580008729048,-0.021,-0.237379992900623,0.002,143,143,207,173
58.94,-0.0442540007670982,-0.016,-0.134419995979871,0,123,123,225,155
58.99,-0.0442540007670982,-0.013,-0.08579999743396,0,103,103,207,173
59.04,-0.0442540007670982,-0.007,0.0142999995723267,0,116,72,181,181
58.9,-0.0442540007670982,-0.008,0.114399996578613,0,94,49,164,198
58.95,-0.0442540007670982,-0.018,0.2144999935849,0,66,66,179,217
59,-0.0442540007670982,-0.018,0.263119992130811,-0.001,94,94,161,195
59.05,-0.0442540007670982,-0.007,0.366079989051563,-0.003,114,114,139,177
59.06,-0.0442540007670982,-0.003,0.363219989137097,-0.003,134,134,158,158
59.11,-0.0442540007670982,-0.003,0.314599990591187,-0.003,162,162,178,178
59.13,-0.0442540007670982,-0.005,0.260259992216345,-0.002,134,134,158,158
58.99,-0.0442540007670982,-0.007,0.211639993670435,-0.002,114,114,136,136
59.03,-0.0442540007670982,-0.005,0.211639993670435,-0.003,91,91,148,148
59.07,-0.0442540007670982,-0.009,0.211639993670435,-0.003,91,66,168,168
59.11,-0.0442540007670982,-0.023,0.111539996664148,-0.003,111,94,185,151
59.13,-0.0442540007670982,-0.034,-0.0371799988880493,-0.002,124,107,164,126
58.99,-0.0442540007670982,-0.031,-0.137279995894336,-0.002,107,124,145,145
59.03,-0.0442540007670982,-0.026,-0.137279995894336,-0.003,128,111,168,168
58.89,-0.0442540007670982,-0.028,-0.137279995894336,-0.003,111,128,188,188
58.93,-0.0366240006348399,-0.028,-0.137279995894336,-0.003,128,111,210,210
58.97,-0.0366240006348399,-0.029,-0.137279995894336,-0.002,128,94,188,188
58.97,-0.0274680004761299,-0.028,-0.191619994269177,-0.004,106,62,165,165
59.01,-0.0274680004761299,-0.019,-0.240239992815088,-0.006,87,87,148,182
59.02,-0.0213640003703232,-0.019,-0.240239992815088,-0.007,107,107,166,204
59.03,-0.0152600002645166,-0.024,-0.137279995894336,-0.007,127,127,148,182
59.05,-0.00305200005290332,-0.024,-0.0886599973484254,-0.006,108,152,165,165
59.07,-0.00305200005290332,-0.019,0.0114399996578613,-0.005,121,121,179,145
58.93,0.00305200005290332,-0.013,-0.0371799988880493,-0.004,98,98,152,114
58.97,0.0183120003174199,-0.01,-0.0886599973484254,-0.005,115,81,170,136
59.01,0.0183120003174199,-0.019,-0.137279995894336,-0.006,97,53,153,153
58.87,0.0244160004232266,-0.028,-0.0886599973484254,-0.005,81,81,176,176
58.91,0.0244160004232266,-0.025,-0.0886599973484254,-0.004,101,101,195,157
58.95,0.0305200005290332,-0.018,-0.0371799988880493,-0.003,81,115,173,173
58.81,0.0305200005290332,-0.018,-0.0371799988880493,-0.001,102,146,176,195
58.85,0.0305200005290332,-0.034,0.0629199981182374,0,121,121,157,215
58.89,0.0366240006348399,-0.049,0.163019995124524,0,149,149,139,191
58.91,0.0366240006348399,-0.056,0.260259992216345,0,169,124,156,173
58.77,0.0366240006348399,-0.052,0.314599990591187,0,146,102,173,156
58.81,0.0366240006348399,-0.035,0.363219989137097,0,115,81,150,133
58.85,0.0366240006348399,-0.021,0.414699987597474,-0.001,98,98,130,111
58.89,0.0473060008200015,-0.015,0.511939984689295,-0.001,78,78,150,133
58.93,0.0473060008200015,-0.01,0.660659980241492,0,53,97,152,114
58.79,0.0473060008200015,-0.015,0.709279978787403,0,81,98,167,115
58.83,0.0534100009258081,-0.031,0.709279978787403,0,98,115,185,133
58.69,0.0534100009258081,-0.035,0.709279978787403,0.001,118,118,167,150
58.73,0.0534100009258081,-0.023,0.709279978787403,0.001,143,99,189,170
58.59,0.0534100009258081,-0.007,0.709279978787403,0,166,121,170,189
58.62,0.0534100009258081,0,0.709279978787403,-0.002,191,102,153,170
58.65,0.0595140010316148,-0.007,0.709279978787403,-0.004,163,84,136,153
58.68,0.0595140010316148,-0.012,0.709279978787403,-0.004,140,56,114,133
58.71,0.0595140010316148,-0.007,0.660659980241492,-0.004,112,33,133,114
58.74,0.0595140010316148,0.005,0.609179981781116,-0.002,97,53,150,133
58.77,0.0595140010316148,0.016,0.609179981781116,-0.001,78,78,167,150
58.8,0.0686700011903247,0.01,0.560559983235206,-0.001,52,96,150,167
58.83,0.0686700011903247,0.003,0.609179981781116,-0.002,32,111,133,150
58.86,0.0686700011903247,-0.001,0.660659980241492,-0.003,55,139,150,133
58.87,0.0686700011903247,-0.001,0.660659980241492,-0.004,80,114,167,115
58.9,0.0686700011903247,0.006,0.511939984689295,-0.005,97,97,185,133
58.76,0.0686700011903247,0.003,0.414699987597474,-0.006,114,80,167,150
58.62,0.0686700011903247,-0.004,0.363219989137097,-0.007,142,98,150,167
58.65,0.0686700011903247,-0.01,0.414699987597474,-0.006,165,120,128,180
58.68,0.0747740012961314,-0.014,0.511939984689295,-0.004,190,101,110,162
58.71,0.0747740012961314,-0.012,0.463319986143384,-0.003,161,116,125,142
58.74,0.0747740012961314,-0.001,0.314599990591187,-0.003,138,94,142,125
58.77,0.0747740012961314,0.016,0.260259992216345,-0.004,110,76,159,107
58.63,0.0747740012961314,0.024,0.260259992216345,-0.006,93,76,141,83
58.66,0.0747740012961314,0.024,0.414699987597474,-0.007,76,93,156,104
58.69,0.0747740012961314,0.021,0.511939984689295,-0.008,76,110,174,122
58.72,0.0747740012961314,0.021,0.560559983235206,-0.008,87,87,195,137
58.75,0.0747740012961314,0.016,0.560559983235206,-0.009,67,84,164,112
58.78,0.0747740012961314,0.011,0.463319986143384,-0.01,39,64,146,129
58.64,0.0747740012961314,0.016,0.314599990591187,-0.012,64,39,129,146
58.67,0.0747740012961314,0.018,0.211639993670435,-0.012,72,55,127,146
58.7,0.0747740012961314,0.023,0.163019995124524,-0.012,89,72,108,166
58.7,0.0747740012961314,0.014,0.211639993670435,-0.012,117,92,90,142
58.73,0.0747740012961314,-0.007,0.260259992216345,-0.013,88,113,72,124
58.75,0.080878001401938,-0.005,0.314599990591187,-0.012,113,88,90,107
58.75,0.080878001401938,0.003,0.260259992216345,-0.011,88,113,107,90
58.79,0.0885080015341963,-0.007,0.211639993670435,-0.011,117,92,131,79
58.65,0.0885080015341963,-0.016,0.163019995124524,-0.009,89,72,113,55
58.69,0.0976640016929063,-0.007,0.163019995124524,-0.008,114,55,94,75
58.73,0.0976640016929063,0.012,0.260259992216345,-0.008,92,75,114,97
58.77,0.0976640016929063,0.017,0.314599990591187,-0.01,75,58,131,114
58.63,0.0976640016929063,0.007,0.314599990591187,-0.011,52,27,114,131
58.67,0.0976640016929063,-0.002,0.260259992216345,-0.011,22,1,131,114
58.71,0.0976640016929063,-0.002,0.163019995124524,-0.01,1,22,114,97
58.75,0.0976640016929063,0,0.0629199981182374,-0.01,27,52,97,114
58.61,0.0976640016929063,-0.002,0.0114399996578613,-0.011,55,72,114,131
58.47,0.0976640016929063,-0.01,0.0629199981182374,-0.013,72,89,134,153
58.51,0.0976640016929063,-0.013,0.163019995124524,-0.015,101,126,168,188
58.55,0.0976640016929063,-0.007,0.163019995124524,-0.016,131,152,143,162
58.59,0.0976640016929063,-0.012,0.163019995124524,-0.018,156,181,123,140
58.63,0.0976640016929063,-0.021,0.163019995124524,-0.02,125,146,97,114
58.64,0.0976640016929063,-0.02,0.211639993670435,-0.02,146,125,75,94
58.5,0.0976640016929063,-0.013,0.363219989137097,-0.019,120,95,97,114
58.51,0.0976640016929063,-0.007,0.511939984689295,-0.019,92,75,114,97
58.55,0.0976640016929063,-0.007,0.560559983235206,-0.018,81,98,140,123
58.57,0.0976640016929063,-0.016,0.560559983235206,-0.016,64,81,162,143
58.61,0.0976640016929063,-0.031,0.560559983235206,-0.014,30,55,134,153
58.47,0.103768001798713,-0.025,0.660659980241492,-0.015,1,22,150,131
58.51,0.103768001798713,0.002,0.709279978787403,-0.016,22,1,170,112
58.37,0.103768001798713,0.023,0.660659980241492,-0.019,52,27,146,94
58.4,0.103768001798713,0.014,0.609179981781116,-0.02,68,51,124,107
58.26,0.103768001798713,-0.007,0.609179981781116,-0.019,85,68,107,124
58.29,0.103768001798713,-0.02,0.609179981781116,-0.017,110,85,84,101
58.32,0.103768001798713,-0.023,0.609179981781116,-0.017,85,110,59,78
58.35,0.103768001798713,-0.021,0.609179981781116,-0.017,66,130,81,98
58.38,0.103768001798713,-0.019,0.609179981781116,-0.017,48,107,98,115
58.24,0.103768001798713,-0.009,0.560559983235206,-0.017,65,82,80,132
58.27,0.103768001798713,0.002,0.560559983235206,-0.019,85,110,62,114
58.3,0.103768001798713,0.007,0.463319986143384,-0.02,56,73,76,93
58.33,0.103768001798713,0.001,0.463319986143384,-0.021,73,56,48,67
58.36,0.103768001798713,-0.003,0.511939984689295,-0.021,56,39,70,87
58.39,0.103768001798713,0.001,0.609179981781116,-0.019,36,11,84,101
58.42,0.103768001798713,0.007,0.660659980241492,-0.018,47,30,95,114
58.45,0.103768001798713,0.003,0.660659980241492,-0.018,64,47,95,95
58.45,0.103768001798713,-0.004,0.609179981781116,-0.018,47,64,114,76
58.31,0.103768001798713,-0.004,0.511939984689295,-0.018,62,87,89,55
58.34,0.103768001798713,0.005,0.363219989137097,-0.019,42,59,72,72
58.37,0.103768001798713,0.011,0.314599990591187,-0.02,15,74,70,36
58.41,0.103768001798713,0.005,0.314599990591187,-0.02,-13,46,47,30
58.45,0.103768001798713,-0.003,0.314599990591187,-0.019,12,29,30,47
58.31,0.103768001798713,-0.007,0.260259992216345,-0.019,29,12,12,64
58.35,0.103768001798713,-0.005,0.211639993670435,-0.017,46,29,30,82
58.39,0.103768001798713,0.003,0.260259992216345,-0.015,29,46,47,64
58.43,0.103768001798713,0.011,0.314599990591187,-0.015,49,74,64,47
58.47,0.103768001798713,0.002,0.363219989137097,-0.016,29,46,82,30
58.33,0.103768001798713,-0.009,0.414699987597474,-0.016,46,29,64,12
58.37,0.103768001798713,-0.01,0.511939984689295,-0.015,29,46,47,30
58.39,0.103768001798713,-0.001,0.560559983235206,-0.015,46,29,30,47
58.4,0.103768001798713,0.002,0.560559983235206,-0.016,29,46,47,64
58.26,0.103768001798713,-0.005,0.609179981781116,-0.017,46,29,48,86
58.3,0.103768001798713,-0.013,0.609179981781116,-0.018,29,12,33,106
58.34,0.103768001798713,-0.012,0.609179981781116,-0.018,46,-13,48,86
58.38,0.103768001798713,-0.001,0.609179981781116,-0.017,29,12,62,62
58.24,0.103768001798713,0.023,0.560559983235206,-0.018,46,29,86,48
58.28,0.103768001798713,0.038,0.560559983235206,-0.018,29,46,64,30
58.32,0.103768001798713,0.027,0.560559983235206,-0.017,15,74,55,17
58.36,0.103768001798713,0.011,0.511939984689295,-0.017,39,56,33,-6
58.4,0.103768001798713,-0.007,0.463319986143384,-0.018,56,39,14,14
58.44,0.103768001798713,-0.019,0.414699987597474,-0.018,81,22,36,36
58.3,0.103768001798713,-0.019,0.414699987597474,-0.018,59,25,65,65
58.34,0.103768001798713,-0.007,0.463319986143384,-0.016,42,42,85,85
58.2,0.103768001798713,0.014,0.463319986143384,-0.014,62,62,107,107
58.24,0.10987200190452,0.026,0.463319986143384,-0.013,40,84,82,121
58.28,0.10987200190452,0.021,0.414699987597474,-0.012,62,107,60,98
58.3,0.10987200190452,0.01,0.463319986143384,-0.012,87,87,42,76
58.16,0.10987200190452,0.001,0.511939984689295,-0.013,59,59,20,58
58.2,0.10987200190452,-0.004,0.560559983235206,-0.014,39,39,39,39
58.24,0.10987200190452,-0.005,0.609179981781116,-0.014,56,22,58,20
58.1,0.10987200190452,-0.002,0.609179981781116,-0.014,38,-6,76,24
58.14,0.10987200190452,0.001,0.560559983235206,-0.014,56,22,94,42
58,0.10987200190452,0.008,0.463319986143384,-0.013,39,39,115,57
58.04,0.10987200190452,0.011,0.363219989137097,-0.013,22,56,95,76
58.08,0.10987200190452,0.014,0.314599990591187,-0.012,40,84,73,56
58.12,0.10987200190452,0.021,0.363219989137097,-0.012,22,56,56,73
58.16,0.10987200190452,0.018,0.463319986143384,-0.013,39,39,39,91
58.02,0.10987200190452,0.008,0.511939984689295,-0.015,56,22,21,73
58.06,0.10987200190452,-0.001,0.511939984689295,-0.016,81,-3,21,91
57.92,0.10987200190452,-0.002,0.511939984689295,-0.017,56,22,39,73
57.96,0.10987200190452,0.012,0.414699987597474,-0.016,84,40,56,56
58,0.10987200190452,0.023,0.314599990591187,-0.015,59,59,76,76
58.04,0.10987200190452,0.023,0.314599990591187,-0.014,32,49,92,54
57.9,0.10987200190452,0.021,0.314599990591187,-0.013,15,74,112,39
57.93,0.10987200190452,0.019,0.363219989137097,-0.014,-10,49,92,54
57.96,0.10987200190452,0.014,0.363219989137097,-0.016,-33,31,73,73
57.99,0.10987200190452,0.006,0.414699987597474,-0.018,-13,12,53,53
58.02,0.10987200190452,0.002,0.414699987597474,-0.018,9,-16,30,64
58.05,0.10987200190452,0.006,0.414699987597474,-0.016,32,15,14,52
58.06,0.10987200190452,0,0.463319986143384,-0.016,49,32,33,33
58.09,0.10987200190452,-0.007,0.463319986143384,-0.017,77,52,53,53
58.12,0.10987200190452,-0.005,0.463319986143384,-0.019,46,29,47,64
58.12,0.10987200190452,0.003,0.463319986143384,-0.02,74,49,30,47
58.15,0.10987200190452,0.01,0.511939984689295,-0.022,94,30,47,30
58.01,0.10987200190452,0.018,0.560559983235206,-0.023,71,12,64,12
58.04,0.10987200190452,0.017,0.560559983235206,-0.023,46,29,82,30
58.05,0.10987200190452,0.007,0.511939984689295,-0.023,29,46,62,45
58.09,0.10987200190452,0.014,0.463319986143384,-0.023,12,71,84,65
57.95,0.10987200190452,0.028,0.363219989137097,-0.022,-13,46,65,84
57.99,0.10987200190452,0.026,0.363219989137097,-0.022,12,71,45,62
58.03,0.10987200190452,0.012,0.363219989137097,-0.023,29,46,28,45
58.07,0.10987200190452,0.003,0.314599990591187,-0.023,46,29,45,28
57.93,0.10987200190452,0.003,0.314599990591187,-0.024,71,12,62,28
57.97,0.10987200190452,0.013,0.260259992216345,-0.026,46,-13,77,7
58.01,0.10987200190452,0.021,0.211639993670435,-0.027,26,9,59,25
58.05,0.10987200190452,0.014,0.211639993670435,-0.026,6,-19,42,42
58.08,0.10987200190452,0.002,0.163019995124524,-0.026,26,9,25,59
57.94,0.10987200190452,-0.01,0.163019995124524,-0.025,43,26,7,77
57.97,0.10987200190452,-0.013,0.211639993670435,-0.024,68,9,25,59
58.01,0.10987200190452,-0.009,0.260259992216345,-0.022,43,26,43,81
58.05,0.10987200190452,-0.01,0.314599990591187,-0.022,46,46,62,62
57.91,0.10987200190452,-0.007,0.363219989137097,-0.022,27,71,42,42
57.95,0.10987200190452,-0.003,0.414699987597474,-0.023,9,43,59,25
57.95,0.10987200190452,0,0.463319986143384,-0.024,26,26,41,3
57.99,0.10987200190452,0.007,0.463319986143384,-0.025,9,43,22,22
57.85,0.10987200190452,0.007,0.511939984689295,-0.026,20,20,39,22
57.89,0.10987200190452,0.003,0.560559983235206,-0.026,40,40,56,39
57.93,0.10987200190452,0.007,0.612039981695582,-0.025,20,20,78,59
57.79,0.10987200190452,0.007,0.663519980155958,-0.024,0,0,59,78
57.81,0.10987200190452,-0.007,0.612039981695582,-0.024,20,20,39,56
57.67,0.10987200190452,-0.019,0.612039981695582,-0.024,40,40,39,39
57.71,0.10987200190452,-0.02,0.612039981695582,-0.022,68,68,22,56
57.75,0.10987200190452,-0.014,0.612039981695582,-0.021,40,40,39,39
57.79,0.10987200190452,-0.007,0.612039981695582,-0.022,65,21,59,59
57.83,0.10987200190452,-0.009,0.560559983235206,-0.023,37,3,78,40
57.69,0.10987200190452,-0.016,0.560559983235206,-0.023,19,-25,56,22
57.73,0.10987200190452,-0.016,0.609179981781116,-0.023,0,0,38,0
57.77,0.10987200190452,-0.018,0.709279978787403,-0.022,-28,-28,19,19
57.81,0.10987200190452,-0.016,0.860859974254066,-0.021,-25,0,0,38
57.67,0.10987200190452,-0.01,0.912339972714442,-0.02,3,20,19,19
57.71,0.10987200190452,-0.005,0.963819971174818,-0.02,20,37,39,39
57.75,0.11902800206323,-0.003,0.912339972714442,-0.019,3,62,59,59
57.61,0.11902800206323,0.005,0.812239975708155,-0.019,20,37,78,40
57.65,0.11902800206323,0.01,0.660659980241492,-0.02,40,65,59,59
57.69,0.11902800206323,0.003,0.560559983235206,-0.02,20,37,39,39
57.55,0.11902800206323,-0.001,0.511939984689295,-0.021,37,20,22,56
57.59,0.11902800206323,-0.002,0.511939984689295,-0.022,65,40,40,78
57.63,0.11902800206323,-0.005,0.560559983235206,-0.022,85,21,59,59
57.49,0.11902800206323,-0.005,0.560559983235206,-0.019,62,3,78,40
57.53,0.11902800206323,0.005,0.560559983235206,-0.017,37,20,56,22
57.57,0.125132002169036,0.022,0.511939984689295,-0.016,20,3,39,39
57.43,0.125132002169036,0.024,0.414699987597474,-0.017,0,-25,19,19
57.47,0.125132002169036,0.006,0.463319986143384,-0.019,-25,0,0,38
57.49,0.125132002169036,-0.007,0.609179981781116,-0.022,-45,19,22,56
57.53,0.125132002169036,-0.001,0.763619977162244,-0.024,-22,37,39,39
57.54,0.125132002169036,0.011,0.812239975708155,-0.024,3,20,52,52
57.54,0.125132002169036,0.018,0.709279978787403,-0.025,20,37,71,33
57.4,0.125132002169036,0.014,0.609179981781116,-0.024,40,65,52,52
57.44,0.125132002169036,0.005,0.609179981781116,-0.022,70,91,33,71
57.3,0.125132002169036,0,0.660659980241492,-0.02,91,70,52,52
57.16,0.125132002169036,-0.001,0.660659980241492,-0.02,116,46,33,71
57.02,0.125132002169036,-0.003,0.609179981781116,-0.019,91,70,15,49
57.06,0.131236002274843,-0.002,0.511939984689295,-0.018,70,91,32,32
57.1,0.131236002274843,0.013,0.414699987597474,-0.018,40,65,52,52
57.14,0.138866002407101,0.033,0.363219989137097,-0.019,20,37,71,33
57.17,0.138866002407101,0.034,0.414699987597474,-0.021,3,20,49,15
57.2,0.148022002565811,0.024,0.414699987597474,-0.023,-25,0,32,32
57.23,0.154126002671618,0.012,0.363219989137097,-0.024,-51,-30,19,19
57.26,0.160230002777424,0.006,0.260259992216345,-0.023,-25,0,0,38
57.12,0.169386002936134,0.017,0.163019995124524,-0.023,-45,19,22,56
57.15,0.175490003041941,0.026,0.0114399996578613,-0.022,-22,37,33,71
57.18,0.181594003147748,0.028,-0.0371799988880493,-0.022,3,20,52,52
57.21,0.187698003253554,0.029,-0.0371799988880493,-0.022,20,3,32,32
57.24,0.198380003438716,0.019,-0.0371799988880493,-0.024,37,-22,52,52
57.25,0.210588003650329,-0.001,-0.0371799988880493,-0.025,62,-42,32,32
57.11,0.225848003914846,-0.013,0.0629199981182374,-0.024,82,-22,52,52
57.14,0.247212004285169,-0.007,0.163019995124524,-0.024,62,3,32,32
57.17,0.270102004681944,0.003,0.211639993670435,-0.023,85,21,32,15
57.21,0.297570005158074,-0.003,0.260259992216345,-0.022,65,40,15,32
57.25,0.318934005528397,-0.008,0.363219989137097,-0.021,40,65,32,49
57.29,0.346402006004527,0.018,0.511939984689295,-0.021,20,37,15,32
57.31,0.375396006507108,0.059,0.511939984689295,-0.023,3,20,32,15
57.17,0.402864006983238,0.068,0.414699987597474,-0.026,-25,0,56,4
57.19,0.430332007459368,0.038,0.363219989137097,-0.027,3,20,74,22
57.23,0.457800007935498,0.002,0.414699987597474,-0.026,20,37,56,39
57.27,0.500528008676145,-0.007,0.560559983235206,-0.026,40,65,39,56
57.13,0.527996009152275,0.008,0.609179981781116,-0.028,65,40,22,39
57.16,0.566146009813566,0.028,0.511939984689295,-0.03,91,70,39,56
57.17,0.598192010369051,0.037,0.414699987597474,-0.03,116,46,59,78
57.03,0.631764010950987,0.034,0.414699987597474,-0.028,85,21,78,59
57.07,0.674492011691634,0.021,0.560559983235206,-0.028,62,3,59,78
57.11,0.711116012326474,0.006,0.709279978787403,-0.03,37,-22,39,56
56.97,0.750792013014217,0.007,0.912339972714442,-0.031,19,-45,22,39
57.01,0.785890013622605,0.014,1.10967996681255,-0.032,6,-19,3,22
57.04,0.825566014310348,0.033,1.21549996364777,-0.031,-30,-51,19,0
57.08,0.87287201513035,0.071,1.31273996073959,-0.029,-51,-30,0,19
57.12,0.915600015870996,0.084,1.41283995774588,-0.029,-25,-2,22,39
56.98,0.962906016690998,0.063,1.51293995475216,-0.028,9,26,42,25
57.02,1.010212017511,0.052,1.65879995038989,-0.03,26,43,59,42
57.06,1.057518018331,0.073,1.856139944488,-0.033,43,24,81,62
56.92,1.104824019151,0.086,1.95337994157982,-0.034,71,44,107,87
56.96,1.152130019971,0.085,2.00199994012573,-0.033,97,74,81,62
56.99,1.20401402087036,0.089,2.10781993696095,-0.03,71,44,59,42
56.85,1.26047602184907,0.089,2.25367993259868,-0.027,40,65,39,22
56.89,1.31236002274843,0.096,2.45387992661126,-0.024,21,83,56,37
56.93,1.35814002354198,0.107,2.60831992199238,-0.022,40,63,39,54
56.97,1.41002402444133,0.101,2.80279991617603,-0.023,20,35,22,72
56.99,1.46496002539359,0.089,3.00585991010307,-0.025,3,18,39,56
56.85,1.51684402629295,0.09,3.30615990112193,-0.027,20,35,56,39
56.89,1.57330602727166,0.103,3.5063598951345,-0.027,37,18,74,20
56.75,1.62824202822392,0.103,3.70369988923261,-0.026,65,38,56,37
56.79,1.67860002909683,0.09,3.90675988315965,-0.026,79,13,20,3
56.83,1.73811403012844,0.096,4.10695987717222,-0.027,56,-5,3,20
56.87,1.79457603110715,0.122,4.30715987118479,-0.027,31,12,-15,35
56.91,1.85256403211232,0.147,4.40725986819108,-0.025,14,-5,3,18
56.77,1.90902603309103,0.15,4.55311986382881,-0.024,-3,12,20,35
56.63,1.96701403409619,0.138,4.6532198608351,-0.026,14,-5,40,57
56.49,2.01584603494264,0.137,4.80479985630176,-0.026,31,12,65,83
56.53,2.07841203602716,0.146,5.00499985031434,-0.026,43,-18,69,47
56.57,2.13945203708523,0.148,5.20805984424137,-0.027,66,0,43,22
56.61,2.19438803803749,0.153,5.40539983833948,-0.029,35,8,0,-19
56.67,2.25695403912201,0.165,5.65707983081243,-0.03,10,33,-17,-36
56.74,2.32104604023298,0.181,5.857279824825,-0.03,-9,53,-37,-58
56.81,2.36987804107943,0.192,6.05461981892311,-0.029,-49,8,-90,-92
56.8,2.4309180421375,0.189,6.25481981293569,-0.028,-32,-17,-68,-70
56.87,2.47975004298395,0.178,6.45215980703379,-0.029,-15,-34,-48,-50
56.94,2.53468604393621,0.181,6.70669979942121,-0.03,-15,-51,-31,-67
57.01,2.59267404494137,0.197,6.95265979206523,-0.031,-15,-76,-9,-49
57.08,2.64303204581428,0.21,7.15571978599227,-0.034,-33,-99,11,-64
57.03,2.69186404666073,0.205,7.35305978009037,-0.037,-18,-124,-9,-49
57.1,2.74069604750718,0.192,7.6562197710237,-0.039,10,-96,-28,-30
56.99,2.78037204819493,0.195,7.95651976204256,-0.039,-15,-76,-47,-11
57.06,2.83988604922654,0.22,8.20247975468658,-0.039,-32,-51,-65,-33
56.92,2.87345804980848,0.241,8.45701974707399,-0.04,-49,-34,-87,-51
56.99,2.91618605054912,0.241,8.60573974262619,-0.04,-74,-17,-68,-70
56.92,2.95891405128977,0.248,8.85741973509914,-0.039,-97,-35,-49,-89
56.84,2.99401205189816,0.259,9.20347972474945,-0.039,-74,-17,-30,-67
56.91,3.02758405248009,0.262,9.55525971422868,-0.04,-49,8,-47,-50
56.89,3.05810405300913,0.268,9.85555970524754,-0.042,-32,-17,-67,-70
56.96,3.08557205348526,0.28,10.0528996993456,-0.045,-12,11,-47,-50
57.03,3.10846205388203,0.286,10.2073396947268,-0.047,13,-14,-30,-67
56.99,3.12677405419945,0.288,10.3045796918186,-0.048,33,-33,-12,-85
57.06,3.14813805456978,0.293,10.356059690279,-0.049,59,-48,12,-64
56.92,3.16339805483429,0.296,10.4532996873708,-0.048,31,-76,-8,-49
56.99,3.1695020549401,0.3,10.6563596812978,-0.048,11,-51,-27,-30
56.85,3.18476205520462,0.307,10.9023196739419,-0.05,-14,-76,-46,-11
56.73,3.19849605544268,0.305,11.1082396677834,-0.051,-31,-51,-64,-33
56.76,3.20765205560139,0.301,11.2054796648752,-0.05,-48,-34,-47,-50
56.8,3.2137560557072,0.291,11.2540996634211,-0.048,-9,5,-2,-39
56.71,3.219860055813,0.267,11.3541996604274,-0.048,10,33,-20,-61
56.7,3.22596405591881,0.268,11.4514396575192,-0.048,-9,53,-5,-81
56.69,3.23512005607752,0.296,11.55439965444,-0.049,4,26,-26,-67
56.55,3.24732805628913,0.322,11.6058796529003,-0.049,-16,-2,-45,-48
56.62,3.25648405644784,0.338,11.7031196499921,-0.05,-33,-19,-25,-28
56.55,3.26869205665946,0.333,11.7517396485381,-0.049,-9,-29,1,-2
56.46,3.28395205692397,0.326,11.8032196469984,-0.047,8,-12,23,20
56.53,3.29158205705623,0.327,11.7517396485381,-0.047,26,-2,-8,28
56.39,3.30684205732075,0.312,11.6544996514462,-0.047,52,28,-30,5
56.29,3.31905005753236,0.291,11.4514396575192,-0.047,81,53,-11,-14
56.35,3.33431005779688,0.284,11.3055796618815,-0.047,54,31,14,-27
56.38,3.34651805800849,0.273,11.1568596663293,-0.047,0,-27,-44,-81
56.28,3.36940805840527,0.273,11.056759669323,-0.047,-28,-47,-61,-64
56.19,3.37551205851107,0.286,11.0024196709481,-0.048,-45,-64,-78,-47
56.17,3.3968760588814,0.299,11.0024196709481,-0.049,-57,-85,-60,-25
56.2,3.41213605914591,0.309,11.1082396677834,-0.048,-37,-57,-35,1
56.2,3.42434405935753,0.312,11.2054796648752,-0.047,-54,-40,-16,-19
56.27,3.4472340597543,0.296,11.3055796618815,-0.046,-44,-30,-41,-44
56.29,3.46249406001882,0.274,11.4028196589733,-0.046,-62,-5,-61,-64
56.22,3.48385806038914,0.264,11.505779655894,-0.047,-45,-30,-81,-84
56.29,3.50674806078592,0.263,11.6058796529003,-0.047,-18,5,-59,-100
56.31,3.51895606099753,0.272,11.7031196499921,-0.048,7,-20,-44,-120
56.17,3.54032006136785,0.28,11.8032196469984,-0.048,27,-39,-23,-96
56.15,3.56931406187043,0.286,11.9033196440047,-0.049,4,-57,-2,-78
56.01,3.59067806224076,0.294,12.0062796409255,-0.051,-21,-82,23,-57
56.02,3.61204206261108,0.301,12.0062796409255,-0.051,-37,-57,4,-38
56.03,3.64103606311366,0.307,12.1063796379318,-0.05,-51,-37,-10,-13
56.07,3.66850406358979,0.299,12.2036196350236,-0.05,-34,-37,-29,7
56.13,3.69749806409237,0.285,12.4066796289506,-0.052,-52,-20,-51,-16
56,3.7188620644627,0.278,12.6526396215946,-0.054,-52,-37,-69,-38
56,3.74175206485947,0.285,12.8042196170613,-0.055,-77,-20,-52,-55
56.04,3.7692200653356,0.3,12.8585596154361,-0.055,-51,5,-35,-72
55.9,3.79211006573238,0.29,12.8585596154361,-0.055,-25,37,-27,-82
55.97,3.81957806620851,0.273,12.8585596154361,-0.054,0,68,-44,-64
55.91,3.84857206671109,0.273,12.8585596154361,-0.053,24,43,-64,-86
55.83,3.86993606708141,0.291,12.8042196170613,-0.053,45,22,-37,-57
55.71,3.89893006758399,0.327,12.7527396186009,-0.055,71,-2,-20,-40
55.78,3.92029406795432,0.343,12.704119620055,-0.057,40,-27,-17,-20
55.67,3.9492880684569,0.343,12.7527396186009,-0.06,17,-45,5,2
55.59,3.97065206882722,0.344,12.8042196170613,-0.063,-8,-28,28,25
55.66,3.993542069224,0.321,12.9071796139821,-0.065,-25,-45,8,44
55.52,4.02101006970013,0.309,13.0044196110739,-0.066,-39,-25,-11,25
55.53,4.0439000700969,0.326,13.0558996095343,-0.066,-64,-8,-33,2
55.6,4.06526407046722,0.332,13.1045196080802,-0.067,-84,17,-51,-20
55.6,4.09425807096981,0.328,13.2503796037179,-0.066,-61,40,-42,-28
55.59,4.10646607118142,0.328,13.2503796037179,-0.067,-36,20,-25,-45
55.46,4.12935607157819,0.327,13.201759605172,-0.067,-15,46,-8,-63
55.45,4.15224607197497,0.328,13.0558996095343,-0.067,4,26,-22,-42
55.39,4.17361007234529,0.332,13.0044196110739,-0.067,-16,-2,-39,-25
55.45,4.20260407284787,0.33,13.1531396066261,-0.068,1,-19,-22,-8
55.34,4.21786407311239,0.321,13.3047196020927,-0.067,26,-36,-2,14
55.41,4.24075407350916,0.311,13.4534395976449,-0.064,46,-61,23,40
55.45,4.25296207372078,0.309,13.6536395916575,-0.062,26,-36,43,20
55.31,4.26822207398529,0.307,13.8052195871242,-0.061,1,-19,17,-5
55.38,4.29111207438207,0.31,13.8566995855845,-0.06,-16,-36,-2,14
55.24,4.30332007459368,0.321,13.9053195841305,-0.061,8,-12,1,-2
55.19,4.32010607488465,0.323,14.0025595812223,-0.063,36,8,-19,-22
55.16,4.33231407509626,0.326,14.0025595812223,-0.065,8,-12,-39,-42
55.04,4.34147007525497,0.332,13.9053195841305,-0.067,-9,-29,-61,-64
55.06,4.34757407536078,0.331,13.9053195841305,-0.068,-26,-12,-39,-42
55.02,4.35520407549304,0.337,13.9539395826764,-0.068,-54,-32,-19,-22
55.09,4.35520407549304,0.358,13.9539395826764,-0.067,-26,-12,1,-2
54.95,4.35520407549304,0.37,14.0025595812223,-0.066,-9,5,20,-21
55.02,4.35520407549304,0.353,14.1512795767745,-0.067,11,33,1,-2
55.09,4.35520407549304,0.331,14.3028595722411,-0.066,-9,5,20,-21
55.16,4.35520407549304,0.339,14.5545395647141,-0.065,-26,-12,40,-36
55.04,4.35520407549304,0.359,14.8548395557329,-0.065,-9,-29,16,-57
55.1,4.35520407549304,0.37,15.0521795498311,-0.067,8,-54,-2,-39
55.17,4.35520407549304,0.378,15.2037595452977,-0.067,33,-29,-19,-22
55.2,4.35520407549304,0.374,15.5011995364021,-0.067,8,-12,-39,-42
55.27,4.35520407549304,0.348,15.8529795258813,-0.066,36,8,-58,-23
55.13,4.35520407549304,0.336,16.0531795198939,-0.063,11,33,-81,-45
55.08,4.35520407549304,0.354,16.2047595153606,-0.061,-9,5,-58,-23
55,4.35520407549304,0.372,16.2533795139065,-0.06,11,33,-36,-5
54.94,4.35520407549304,0.378,16.3048595123669,-0.06,36,8,-18,17
54.98,4.35520407549304,0.374,16.5050595063794,-0.06,8,-12,4,40
54.99,4.35520407549304,0.377,16.8511194960297,-0.061,-9,-29,23,20
54.97,4.35520407549304,0.385,17.202899485509,-0.063,-33,-19,40,-2
54.85,4.35520407549304,0.373,17.4545794779819,-0.063,-16,-36,17,-24
54.84,4.35520407549304,0.364,17.6032994735341,-0.062,-33,-19,-5,-42
54.74,4.35520407549304,0.364,17.7491594691719,-0.062,-58,-2,-23,-64
54.67,4.35520407549304,0.353,17.8549794660071,-0.06,-33,-19,-42,-45
54.74,4.35520407549304,0.363,17.8549794660071,-0.059,-16,-36,-22,-25
54.63,4.34757407536078,0.38,17.8034994675467,-0.059,8,-54,-2,-5
54.65,4.34147007525497,0.386,17.700539470626,-0.059,33,-29,20,17
54.51,4.34147007525497,0.391,17.700539470626,-0.059,56,-11,43,40
54.52,4.32621007499046,0.388,17.700539470626,-0.06,87,14,23,59
54.38,4.32010607488465,0.395,17.8034994675467,-0.06,62,38,1,37
54.35,4.30332007459368,0.414,17.903599464553,-0.058,91,63,-21,14
54.42,4.29721607448788,0.422,17.9550794630134,-0.058,66,87,-39,-8
54.43,4.28195607422336,0.43,17.9550794630134,-0.058,41,58,-61,-26
54.5,4.25906607382658,0.424,17.903599464553,-0.059,11,32,-39,-8
54.57,4.24685807361497,0.405,17.7491594691719,-0.061,-9,5,-57,10
54.64,4.2239680732182,0.389,17.65191947208,-0.062,-26,-12,-78,31
54.71,4.20260407284787,0.373,17.6032994735341,-0.062,-54,-32,-54,53
54.72,4.1797140724511,0.367,17.6032994735341,-0.063,-80,-62,-36,34
54.69,4.16750607223948,0.37,17.6032994735341,-0.063,-54,-32,-18,17
54.61,4.14461607184271,0.39,17.5546794749882,-0.062,-29,-57,4,40
54.63,4.12325207147239,0.411,17.5546794749882,-0.062,-19,-39,11,8
54.65,4.09425807096981,0.41,17.700539470626,-0.064,-2,-22,8,-14
54.61,4.07289407059948,0.404,17.8034994675467,-0.065,26,-2,-14,-34
54.61,4.0439000700969,0.405,17.8549794660071,-0.067,34,10,-58,-78
54.68,4.01490606959432,0.394,17.903599464553,-0.068,59,-14,-75,-61
54.75,3.98743806911819,0.383,17.903599464553,-0.066,28,-39,-97,-81
54.82,3.9553920685627,0.377,17.8549794660071,-0.063,8,-20,-117,-62
54.77,3.92639806806012,0.341,17.700539470626,-0.061,-17,5,-142,-87
54.63,3.89893006758399,0.32,17.5546794749882,-0.059,-36,25,-123,-106
54.49,3.86993606708141,0.325,17.4545794779819,-0.058,-36,5,-97,-81
54.35,3.83483806647302,0.335,17.405959479436,-0.056,-17,-20,-75,-61
54.21,3.8134740661027,0.354,17.3573394808901,-0.055,-27,-47,-61,-47
54.07,3.77532406544141,0.375,17.3029994825153,-0.056,5,-57,-38,-22
53.93,3.75396006507108,0.393,17.3029994825153,-0.057,-20,-40,-13,4
53.86,3.7249660645685,0.409,17.3573394808901,-0.058,-37,-23,7,4
53.85,3.69749806409237,0.394,17.4545794779819,-0.06,-61,-5,23,-19
53.92,3.66850406358979,0.375,17.4545794779819,-0.062,-44,-30,1,-41
53.78,3.63493206300786,0.373,17.405959479436,-0.063,-17,5,-19,-60
53.7,3.59678206234656,0.356,17.3029994825153,-0.066,13,31,-19,-41
53.69,3.56321006176463,0.337,17.0026994914964,-0.068,-17,5,-38,-22
53.76,3.51895606099753,0.336,16.7510194990235,-0.068,8,-20,-57,-2
53.83,3.47470206023043,0.347,16.5565395048398,-0.068,31,-17,-75,-26
53.9,3.43502605954269,0.358,16.5565395048398,-0.07,59,10,-93,-44
53.79,3.3968760588814,0.359,16.6051595033857,-0.073,34,31,-117,-62
53.65,3.3556740581672,0.335,16.7023995004776,-0.073,4,1,-100,-84
53.63,3.32515405763817,0.299,16.9540794929505,-0.071,-24,-27,-81,-103
53.54,3.29158205705623,0.285,17.3029994825153,-0.069,-45,-47,-62,-123
53.4,3.25648405644784,0.309,17.65191947208,-0.067,-64,-67,-44,-99
53.42,3.22596405591881,0.364,17.903599464553,-0.064,-92,-95,-26,-81
53.28,3.19849605544268,0.409,17.9550794630134,-0.063,-57,-60,-2,-63
53.35,3.1695020549401,0.379,17.8549794660071,-0.061,-37,-40,23,-38
53.42,3.14203405446397,0.305,17.7491594691719,-0.059,-57,-60,4,-19
53.35,3.11456605398784,0.277,17.7491594691719,-0.058,-45,-47,-16,1
53.27,3.08557205348526,0.3,17.7491594691719,-0.059,-24,-27,-41,-25
53.16,3.06420805311493,0.319,17.7491594691719,-0.059,4,1,-61,-47
53.18,3.0367400526388,0.342,17.6032994735341,-0.059,27,24,-78,-64
53.25,3.02148005237429,0.357,17.3573394808901,-0.058,4,1,-100,-84
53.11,2.9863820517659,0.356,17.0541794899568,-0.058,-24,-27,-120,-65
53.07,2.95891405128977,0.401,16.9054594944046,-0.06,-44,-47,-100,-84
53.1,2.92839405076074,0.431,16.8511194960297,-0.063,-24,-28,-78,-64
53.05,2.90092605028461,0.385,16.8511194960297,-0.064,4,1,-61,-81
53.01,2.86735404970267,0.344,16.8511194960297,-0.062,27,24,-44,-64
52.99,2.84599004933235,0.315,16.8024994974838,-0.059,6,49,-22,-44
52.86,2.81089204872396,0.297,16.7510194990235,-0.057,-21,21,4,-19
52.82,2.78037204819493,0.307,16.7023995004776,-0.057,-43,-2,26,4
52.86,2.76206004787751,0.3,16.6537795019316,-0.059,-62,-30,4,-19
52.72,2.73154004734847,0.315,16.7510194990235,-0.062,-89,-48,-16,1
52.58,2.70407204687234,0.357,16.9054594944046,-0.065,-64,-67,-41,-25
52.47,2.68270804650202,0.365,17.1056594884172,-0.068,-45,-92,-61,-47
52.49,2.64913604592008,0.357,17.3029994825153,-0.068,-27,-64,-44,-64
52.56,2.6201420454175,0.354,17.405959479436,-0.063,1,-46,-61,-81
52.63,2.59267404494137,0.341,17.5031994765278,-0.059,24,-24,-81,-103
52.68,2.55605004430653,0.342,17.5031994765278,-0.057,4,1,-100,-84
52.75,2.5285820438304,0.352,17.5031994765278,-0.056,-21,21,-120,-65
52.61,2.50111404335427,0.352,17.4545794779819,-0.055,6,49,-96,-47
52.4,2.46754204277233,0.364,17.3029994825153,-0.053,-21,21,-78,-29
52.19,2.4370220422433,0.351,17.1542794869631,-0.052,-43,-2,-60,-5
51.98,2.40955404176717,0.293,17.1056594884172,-0.052,-61,-30,-38,17
51.77,2.37598204118524,0.288,17.1056594884172,-0.053,-45,-47,-19,-2
51.61,2.34851404070911,0.337,17.0026994914964,-0.057,-28,-65,1,-22
51.42,2.31189004007427,0.362,16.8511194960297,-0.061,-74,-115,20,-41
51.45,2.27831803949233,0.358,16.8024994974838,-0.06,-126,-126,-5,-67
51.25,2.24322003888394,0.337,16.9054594944046,-0.055,-161,-189,-29,-88
51.09,2.209648038302,0.343,17.1542794869631,-0.051,-115,-215,-27,-51
51.02,2.16692003756136,0.37,17.3573394808901,-0.052,-78,-242,-44,-53
50.97,2.13945203708523,0.363,17.405959479436,-0.053,-50,-299,-17,-46
51.06,2.09672403634458,0.337,17.3029994825153,-0.051,-11,-350,-43,-78
51.15,2.06315203576264,0.325,17.202899485509,-0.051,-25,-403,-61,-132
51.02,2.02958003518071,0.325,17.1542794869631,-0.056,-47,-448,-61,-156
51.11,1.99753403462522,0.346,17.1542794869631,-0.061,-70,-573,-44,-176
50.9,1.97159203417555,0.379,17.1056594884172,-0.066,-80,-670,-27,-196
50.86,1.94717603375232,0.388,17.1542794869631,-0.07,-94,-759,-5,-178
50.96,1.91360403317038,0.378,17.202899485509,-0.073,-119,-890,15,-185
50.75,1.88918803274716,0.386,17.1542794869631,-0.076,-131,-979,40,-166
50.9,1.86324603229748,0.39,16.9540794929505,-0.078,-107,-1031,21,-150
51.05,1.83272603176844,0.364,16.7510194990235,-0.079,-105,-1170,1,-138
50.84,1.79915403118651,0.352,16.6537795019316,-0.08,-80,-1303,-18,-119
50.91,1.76863403065747,0.372,16.6537795019316,-0.082,-57,-1353,11,-89
50.94,1.73811403012844,0.363,16.7023995004776,-0.088,-35,-1388,-5,-67
50.73,1.7045420295465,0.336,16.7510194990235,-0.094,-4,-1447,-24,-46
50.52,1.66486602885876,0.332,16.8024994974838,-0.1,-35,-1494,-5,-73
50.66,1.62824202822392,0.347,16.8024994974838,-0.106,-6,-1549,-18,-89
50.78,1.58704002750973,0.362,16.7510194990235,-0.115,-34,-1600,1,-119
50.57,1.54736402682198,0.348,16.6537795019316,-0.121,-48,-1612,20,-138
50.65,1.51074002618714,0.327,16.6051595033857,-0.122,-16,-1609,17,-148
50.44,1.4710640254994,0.346,16.5565395048398,-0.12,-12,-1586,36,-167
50.23,1.43596602489101,0.388,16.3534795109128,-0.119,-28,-1555,53,-189
50.02,1.39934202425617,0.398,16.1046595183543,-0.12,-36,-1561,75,-220
49.81,1.35814002354198,0.382,15.9015995244273,-0.122,-22,-1614,104,-200
49.6,1.31846402285423,0.389,15.8043595273354,-0.125,-3,-1656,126,-178
49.39,1.27115802203423,0.405,15.8043595273354,-0.129,-25,-1694,150,-163
49.18,1.23300802137294,0.407,15.8043595273354,-0.134,-40,-1738,126,-184
49.32,1.18722802057939,0.416,15.7042595303292,-0.138,-23,-1852,104,-213
49.11,1.1460260198652,0.416,15.6070195332373,-0.141,-2,-1954,75,-234
49.25,1.0987200190452,0.401,15.555539534777,-0.141,23,-2004,56,-222
49.04,1.057518018331,0.395,15.4525795378562,-0.138,49,-2040,36,-212
49.06,1.010212017511,0.379,15.2037595452977,-0.135,80,-2035,18,-192
49.15,0.962906016690998,0.372,14.806219557187,-0.133,111,-2079,-1,-175
48.94,0.915600015870996,0.396,14.4029595692474,-0.136,81,-2101,-16,-156
48.73,0.868294015050995,0.421,14.0540395796827,-0.146,53,-2135,5,-127
48.74,0.819462014204542,0.42,13.8566995855845,-0.155,33,-2094,24,-150
48.53,0.77215601338454,0.417,13.6050195931116,-0.157,12,-2064,44,-165
48.32,0.723324012538087,0.427,13.3561996005531,-0.155,-5,-2038,67,-182
48.11,0.680596011797441,0.405,13.1531396066261,-0.152,-19,-1998,86,-198
47.9,0.631764010950987,0.354,12.955799612528,-0.149,-41,-1956,112,-208
48.01,0.592088010263244,0.336,12.6526396215946,-0.147,-10,-1904,90,-222
47.8,0.550886009549049,0.365,12.3037196320299,-0.145,-34,-1855,71,-204
47.59,0.506632008781951,0.4,11.9033196440047,-0.147,-44,-1802,60,-172
47.68,0.466956008094208,0.377,11.55439965444,-0.152,-17,-1747,44,-183
47.47,0.408968007089045,0.326,11.2054796648752,-0.154,7,-1733,27,-160
47.26,0.369292006401302,0.317,10.7049796798437,-0.155,21,-1716,10,-141
47.38,0.318934005528397,0.323,10.2559596932727,-0.155,46,-1734,41,-104
47.52,0.253316004390976,0.339,9.95279970233936,-0.155,70,-1504,66,-54
47.66,0.198380003438716,0.374,9.85555970524754,-0.156,92,-1456,34,-79
47.8,0.131236002274843,0.351,9.80407970678717,-0.159,116,-1418,23,-87
47.93,0.0686700011903247,0.33,9.85555970524754,-0.157,140,-1404,5,-102
48.01,0.00915600015870996,0.374,9.75545970824126,-0.15,111,-1383,-19,-112
47.8,-0.0503580008729048,0.406,9.6524997113205,-0.142,89,-1375,-41,-134
47.81,-0.106820001851616,0.4,9.40653971867648,-0.14,69,-1395,-19,-131
47.95,-0.172438002989038,0.36,9.05475972919725,-0.141,41,-1422,4,-109
48,-0.238056004126459,0.305,8.70297973971801,-0.139,68,-1443,28,-123
47.79,-0.300622005210977,0.325,8.55425974416582,-0.137,88,-1464,48,-103
47.86,-0.372344006454205,0.37,8.5056397456199,-0.135,69,-1443,65,-120
47.65,-0.427280007406465,0.379,8.45701974707399,-0.132,44,-1419,83,-138
47.79,-0.491372008517435,0.396,8.45701974707399,-0.127,29,-1362,104,-159
47.58,-0.553938009601953,0.393,8.30257975169287,-0.124,4,-1393,83,-138
47.69,-0.622608010792277,0.362,8.15385975614067,-0.122,-20,-1373,65,-120
47.83,-0.686700011903247,0.348,7.95651976204256,-0.118,13,-1354,48,-108
47.94,-0.747740012961314,0.335,7.90789976349665,-0.114,-12,-1349,31,-97
47.73,-0.816410014151638,0.336,7.90789976349665,-0.111,16,-1351,19,-79
47.87,-0.87287201513035,0.351,7.90789976349665,-0.112,33,-1367,37,-107
47.66,-0.933912016188416,0.36,7.75345976811552,-0.114,53,-1360,55,-97
47.45,-0.987322017114224,0.375,7.55611977401741,-0.115,83,-1352,74,-122
47.55,-1.04225801806648,0.348,7.30443978154446,-0.112,108,-1380,96,-107
47.34,-1.09566801899229,0.309,7.10709978744636,-0.108,89,-1460,122,-82
47.2,-1.15823402007681,0.316,6.85541979497341,-0.11,110,-1445,141,-94
47.13,-1.20401402087036,0.317,6.65521980096083,-0.115,84,-1447,164,-101
47.24,-1.25132002169036,0.297,6.5007798055797,-0.122,59,-1414,138,-117
47.29,-1.29710002248391,0.278,6.40353980848788,-0.124,89,-1379,116,-131
47.43,-1.3352500231452,0.285,6.45215980703379,-0.119,65,-1363,92,-149
47.57,-1.3764520238594,0.349,6.45215980703379,-0.114,41,-1402,83,-119
47.36,-1.40697202438843,0.402,6.20619981438978,-0.117,23,-1454,66,-105
47.41,-1.43596602489101,0.382,5.857279824825,-0.122,40,-1506,49,-91
47.47,-1.4680120254465,0.332,5.55411983389168,-0.121,26,-1547,31,-77
47.26,-1.48785002579037,0.321,5.40539983833948,-0.119,-3,-1580,10,-56
47.05,-1.50005802600198,0.336,5.20805984424137,-0.12,-22,-1557,34,-34
47.14,-1.50768802613424,0.346,4.90489985330805,-0.123,-2,-1561,55,-50
46.93,-1.51379202624005,0.358,4.45587986673699,-0.124,26,-1539,70,-70
46.72,-1.51989602634585,0.338,4.00399988025147,-0.122,43,-1547,89,-89
46.88,-1.51989602634585,0.312,3.60645989214079,-0.117,59,-1552,108,-104
46.67,-1.51989602634585,0.338,3.30615990112193,-0.116,88,-1552,132,-112
46.81,-1.51989602634585,0.373,3.05447990864898,-0.118,111,-1497,151,-127
46.6,-1.52752602647811,0.375,2.80279991617603,-0.119,139,-1449,132,-103
46.61,-1.52752602647811,0.374,2.60831992199238,-0.116,114,-1430,112,-88
46.78,-1.52752602647811,0.373,2.35663992951944,-0.113,91,-1257,93,-52
46.8,-1.52752602647811,0.349,2.10781993696095,-0.111,63,-1242,74,-30
46.59,-1.52752602647811,0.309,1.95337994157982,-0.109,46,-1200,68,6
46.69,-1.52752602647811,0.293,1.75603994748172,-0.109,24,-1162,47,-6
46.72,-1.52752602647811,0.302,1.46431995620625,-0.111,-1,-1074,65,-21
46.57,-1.52752602647811,0.311,1.11253996672702,-0.115,27,-1004,76,-37
46.72,-1.53363002658392,0.296,0.81509997562262,-0.117,47,-930,93,-48
46.64,-1.53363002658392,0.257,0.663519980155958,-0.112,67,-858,76,-27
46.67,-1.53363002658392,0.255,0.612039981695582,-0.102,101,-772,65,-34
46.49,-1.53363002658392,0.322,0.612039981695582,-0.095,80,-678,84,-44
46.28,-1.53363002658392,0.364,0.466179986057849,-0.094,61,-628,99,-55
46.45,-1.52752602647811,0.342,0.114399996578613,-0.096,77,-595,117,-31
46.62,-1.51989602634585,0.306,-0.188759994354712,-0.099,101,-569,99,-9
46.41,-1.51379202624005,0.279,-0.531959984090552,-0.099,73,-558,82,17
46.58,-1.50005802600198,0.269,-0.886599973484254,-0.097,56,-521,68,40
46.61,-1.50005802600198,0.267,-1.28413996159494,-0.095,36,-495,53,70
46.68,-1.48785002579037,0.249,-1.53581995406788,-0.092,55,-481,71,54
46.75,-1.48174602568456,0.228,-1.63591995107417,-0.086,33,-464,94,88
46.79,-1.4680120254465,0.235,-1.68453994962008,-0.079,52,-459,113,76
46.8,-1.46190802534069,0.263,-1.83611994508674,-0.073,70,-398,133,57
46.66,-1.45275202518198,0.272,-2.1364199361056,-0.07,98,-347,111,42
46.52,-1.45275202518198,0.254,-2.48533992567038,-0.069,124,-289,93,23
46.38,-1.44817402510263,0.231,-2.78277991677477,-0.066,104,-249,73,42
46.24,-1.44207002499682,0.207,-3.03445990924772,-0.061,85,-201,97,34
46.29,-1.44207002499682,0.207,-3.23179990334583,-0.056,66,-154,115,56
46.29,-1.43596602489101,0.225,-3.48633989573324,-0.05,48,-165,97,34
46.34,-1.4268100247323,0.204,-3.7866398867521,-0.047,66,-118,78,53
46.39,-1.4268100247323,0.165,-4.0840798778565,-0.047,48,-127,59,72
46.25,-1.42223202465295,0.146,-4.38723986878982,-0.045,20,-131,81,56
46.3,-1.42223202465295,0.127,-4.63319986143384,-0.043,48,-95,101,76
46.35,-1.41612802454714,0.105,-4.83339985544642,-0.04,65,-96,121,99
46.4,-1.41612802454714,0.081,-4.98211985099861,-0.035,82,-94,99,117
46.43,-1.41612802454714,0.075,-5.0822198480049,-0.031,65,-61,98,95
46.29,-1.41612802454714,0.079,-5.28527984193194,-0.032,82,-68,118,120
46.34,-1.40697202438843,0.08,-5.5855798329508,-0.034,65,-41,140,123
46.39,-1.40239402430908,0.065,-5.83439982550928,-0.034,85,-16,118,101
46.25,-1.39629002420327,0.036,-5.9316398226011,-0.033,110,-30,98,81
46.3,-1.39018602409746,0.021,-5.88301982405519,-0.031,133,-8,78,61
46.16,-1.38103002393875,0.018,-5.88301982405519,-0.029,113,26,100,48
46.21,-1.37034802375359,0.017,-5.9316398226011,-0.027,88,4,115,28
46.26,-1.35051002340972,0.012,-6.08607981798223,-0.027,69,35,106,54
46.26,-1.3352500231452,-0.009,-6.18617981498852,-0.027,48,7,78,64
46.3,-1.31541202280133,-0.044,-6.23479981353443,-0.026,23,36,59,83
46.35,-1.29710002248391,-0.052,-6.23479981353443,-0.024,48,14,39,105
46.21,-1.28336602224585,-0.056,-6.28341981208034,-0.022,14,-4,58,121
46.26,-1.26200202187552,-0.075,-6.28341981208034,-0.018,42,17,79,145
46.12,-1.24216402153165,-0.076,-6.18617981498852,-0.016,59,0,94,125
46.16,-1.22995602132004,-0.068,-6.08607981798223,-0.016,22,6,76,69
46.2,-1.21622202108197,-0.079,-5.98311982106148,-0.016,39,-11,56,49
46.06,-1.20401402087036,-0.105,-5.83439982550928,-0.018,54,-26,74,35
46.08,-1.18417602052649,-0.138,-5.734299828503,-0.021,24,-22,79,36
46.12,-1.17502002036778,-0.133,-5.63705983141117,-0.022,41,-39,99,21
45.98,-1.16281202015617,-0.114,-5.53123983457596,-0.021,-5,-92,31,-44
46.15,-1.1490780199181,-0.124,-5.48261983603005,-0.021,-24,-64,16,-23
46.31,-1.14297401981229,-0.145,-5.33389984047785,-0.023,-52,-92,-1,-6
46.38,-1.13687001970649,-0.151,-5.13655984637974,-0.022,-28,-106,-22,7
46.45,-1.12771401954778,-0.131,-4.98211985099861,-0.019,-7,-84,-5,28
46.35,-1.12313601946842,-0.12,-4.88487985390679,-0.016,11,-56,-23,6
46.42,-1.12313601946842,-0.144,-4.88487985390679,-0.012,39,-38,-9,6
46.49,-1.11703201936262,-0.162,-4.9334998524527,-0.011,56,-19,-36,-21
46.44,-1.11703201936262,-0.16,-4.9334998524527,-0.013,81,-35,-19,-38
46.51,-1.11703201936262,-0.143,-4.83339985544642,-0.017,56,-10,-2,-56
46.37,-1.11703201936262,-0.128,-4.68753985980868,-0.02,23,-39,7,-47
46.44,-1.11703201936262,-0.134,-4.53309986442756,-0.02,46,-17,-11,-27
46.51,-1.11703201936262,-0.139,-4.43585986733573,-0.018,23,-39,11,-7
46.37,-1.11703201936262,-0.144,-4.33575987032945,-0.016,-8,-23,-30,-46
46.44,-1.11703201936262,-0.156,-4.28427987186907,-0.017,20,8,-47,-29
46.31,-1.11703201936262,-0.159,-4.23565987332316,-0.017,-14,-26,-67,-14
46.3,-1.11703201936262,-0.159,-4.18131987494832,-0.016,14,2,-85,7
46.37,-1.11703201936262,-0.146,-4.18131987494832,-0.015,-14,-19,-67,-14
46.26,-1.11703201936262,-0.134,-4.23565987332316,-0.013,-37,-42,-55,-37
46.33,-1.12313601946842,-0.15,-4.28427987186907,-0.014,-17,-22,-72,-54
46.4,-1.12313601946842,-0.161,-4.13269987640241,-0.016,-37,-42,-55,-71
46.26,-1.12771401954778,-0.154,-4.03259987939612,-0.018,-67,-69,-87,-104
46.33,-1.12771401954778,-0.133,-3.98397988085021,-0.021,-92,-47,-67,-82
46.37,-1.12771401954778,-0.115,-3.9353598823043,-0.023,-115,-69,-84,-65
46.44,-1.12771401954778,-0.12,-3.9353598823043,-0.023,-95,-49,-73,-88
46.33,-1.12771401954778,-0.113,-3.88673988375839,-0.022,-79,-18,-38,-53
46.2,-1.12771401954778,-0.103,-3.88673988375839,-0.02,-54,7,-55,-70
46.16,-1.12771401954778,-0.124,-3.88673988375839,-0.017,-37,-18,-38,-53
46.23,-1.12771401954778,-0.156,-3.88673988375839,-0.017,-11,-26,-40,-21
46.24,-1.12771401954778,-0.17,-3.98397988085021,-0.02,14,-43,-23,-38
46.31,-1.12771401954778,-0.165,-4.0840798778565,-0.024,-8,-65,-40,-21
46.34,-1.12771401954778,-0.146,-4.13269987640241,-0.029,-23,-85,-54,-35
46.3,-1.12771401954778,-0.135,-4.13269987640241,-0.032,-8,-110,-37,-18
46.2,-1.12771401954778,-0.117,-3.98397988085021,-0.032,-23,-85,-54,-35
46.06,-1.12771401954778,-0.088,-3.7866398867521,-0.031,-5,-62,-74,-55
46.08,-1.12771401954778,-0.084,-3.63505989128544,-0.032,-22,-37,-52,-35
46.02,-1.12771401954778,-0.092,-3.53495989427915,-0.033,-39,-20,-35,-18
46.09,-1.12771401954778,-0.093,-3.53495989427915,-0.031,-22,-3,-15,4
46.16,-1.12771401954778,-0.103,-3.63505989128544,-0.029,-39,22,-37,-18
46.06,-1.12771401954778,-0.114,-3.7866398867521,-0.028,-22,-3,-51,-32
46.12,-1.12771401954778,-0.131,-3.88673988375839,-0.029,-5,-20,-34,-49
46.08,-1.12771401954778,-0.139,-3.9353598823043,-0.032,-22,-37,-54,-71
46.14,-1.12771401954778,-0.13,-3.98397988085021,-0.033,-5,-20,-34,-49
46.12,-1.12771401954778,-0.107,-4.03259987939612,-0.033,-22,-3,-17,-32
46.04,-1.13687001970649,-0.081,-4.03259987939612,-0.03,-37,22,7,-12
46.11,-1.14297401981229,-0.068,-3.98397988085021,-0.028,-20,-3,-12,7
46.03,-1.15823402007681,-0.057,-3.83525988529801,-0.028,-15,-32,-48,-31
45.89,-1.16891602026197,-0.047,-3.73229988837726,-0.028,-32,-49,-28,-9
45.96,-1.1963840207381,-0.054,-3.7866398867521,-0.027,-15,-32,-9,-28
45.9,-1.22232602118778,-0.065,-3.83525988529801,-0.026,-32,-15,-31,-48
45.82,-1.25742402179617,-0.083,-3.88673988375839,-0.025,-15,-32,-28,-28
45.87,-1.28947002235165,-0.108,-3.88673988375839,-0.025,-34,-15,-50,-48
45.85,-1.3291460230394,-0.124,-3.9353598823043,-0.026,-51,10,-67,-31
45.76,-1.38103002393875,-0.115,-3.9353598823043,-0.028,-33,33,-50,-48
45.82,-1.4268100247323,-0.098,-3.98397988085021,-0.029,-14,13,-65,-31
45.8,-1.48785002579037,-0.091,-4.0840798778565,-0.03,11,-12,-48,-48
45.7,-1.54431202676908,-0.086,-4.23565987332316,-0.032,31,-31,-31,-65
45.77,-1.60535202782715,-0.073,-4.28427987186907,-0.033,8,-49,-31,-48
45.84,-1.67554802904392,-0.059,-4.28427987186907,-0.033,-15,-32,-13,-65
45.72,-1.7457440302607,-0.075,-4.18131987494832,-0.031,-32,-15,-31,-48
45.63,-1.81594003147748,-0.092,-4.0840798778565,-0.03,-51,10,-48,-48
45.64,-1.89987003293232,-0.102,-4.13269987640241,-0.031,-34,-15,-65,-31
45.6,-1.98380003438716,-0.121,-4.28427987186907,-0.03,-14,13,-85,-13
45.52,-2.06620403581555,-0.139,-4.53309986442756,-0.03,11,-12,-67,-31
45.59,-2.17302403766716,-0.157,-4.68753985980868,-0.031,-17,-32,-49,-9
45.66,-2.26916203933362,-0.16,-4.73615985835459,-0.032,-34,-49,-30,-28
45.72,-2.37293004113233,-0.134,-4.7847798569005,-0.033,-51,-32,-11,-47
45.68,-2.47669804293105,-0.11,-4.98211985099861,-0.034,-76,-15,9,-62
45.57,-2.57436204462395,-0.099,-5.28527984193194,-0.034,-76,10,-9,-47
45.52,-2.68881204660783,-0.11,-5.53123983457596,-0.032,-51,-15,-33,-65
45.52,-2.79258004840654,-0.129,-5.63705983141117,-0.029,-33,13,-50,-48
45.4,-2.8978740502317,-0.119,-5.78291982704891,-0.027,-14,-12,-70,-68
45.44,-3.01232405221558,-0.115,-5.98311982106148,-0.027,11,-31,-50,-48
45.38,-3.11151405393494,-0.139,-6.33489981054072,-0.028,-17,-49,-67,-31
45.39,-3.2168080557601,-0.171,-6.63519980155958,-0.03,-35,-77,-49,-9
45.46,-3.32515405763817,-0.197,-6.88401979411806,-0.031,-57,-100,-30,-28
45.43,-3.42434405935753,-0.212,-7.23293978368283,-0.033,-82,-80,-50,-48
45.49,-3.52506006110334,-0.223,-7.58471977316207,-0.037,-54,-52,-50,-65
45.56,-3.62272406279624,-0.225,-7.98511976118721,-0.041,-35,-77,-33,-83
45.6,-3.71581006440979,-0.224,-8.33403975075198,-0.043,-54,-52,-50,-65
45.64,-3.80431806594399,-0.212,-8.58285974331047,-0.043,-34,-32,-67,-48
45.5,-3.88214406729302,-0.188,-8.78591973723751,-0.044,-51,-15,-85,-31
45.48,-3.96149606866851,-0.17,-8.93463973278971,-0.044,-33,13,-67,-13
45.48,-4.0469520701498,-0.17,-9.23493972380856,-0.042,-11,36,-49,11
45.53,-4.12020007141948,-0.194,-9.58385971337334,-0.041,14,16,-30,-9
45.6,-4.19955207279497,-0.229,-9.93277970293811,-0.041,-14,-12,-50,-31
45.48,-4.2712740740382,-0.256,-10.1844596954111,-0.042,-34,-32,-67,-47
45.45,-4.33841807520207,-0.257,-10.5362396848903,-0.044,-51,-32,-89,-67
45.37,-4.40251007631304,-0.255,-10.9309196730865,-0.045,-53,-68,-119,-78
45.3,-4.46965407747691,-0.264,-11.382799659572,-0.045,-36,-51,-97,-60
45.37,-4.54290207874659,-0.269,-11.7803396476827,-0.043,-33,-31,-79,-38
45.37,-4.60089007975176,-0.27,-12.1835996356223,-0.041,-10,-52,-69,-66
45.44,-4.66803408091563,-0.259,-12.5325196251871,-0.041,-35,-33,-50,-85
45.3,-4.72602208192079,-0.243,-12.78419961766,-0.041,-54,-8,-72,-104
45.36,-4.79011408303176,-0.248,-12.9329196132122,-0.041,-69,12,-89,-87
45.29,-4.84047208390467,-0.256,-13.1331196072248,-0.04,-51,40,-109,-106
45.36,-4.90914208509499,-0.259,-13.2846996026915,-0.04,-32,15,-89,-86
45.28,-4.96102608599435,-0.275,-13.3847995996978,-0.041,-54,-8,-109,-106
45.15,-5.01138408686725,-0.308,-13.5306595953355,-0.045,-72,-35,-89,-86
45.22,-5.08005408805758,-0.329,-13.6850995907166,-0.048,-100,-53,-69,-66
45.14,-5.13193808895693,-0.345,-13.8852995847292,-0.05,-75,-72,-88,-47
45.11,-5.18382208985629,-0.362,-14.1369795772021,-0.051,-56,-97,-66,-24
45.1,-5.23570609075565,-0.362,-14.4315595683921,-0.053,-38,-69,-82,-41
45.11,-5.27690809146984,-0.344,-14.5831395638587,-0.055,-10,-51,-63,-60
45.17,-5.32268809226339,-0.321,-14.6346195623191,-0.055,-35,-32,-44,-79
45.16,-5.36846809305694,-0.304,-14.480179566938,-0.055,-7,-4,-63,-94
45.09,-5.41119609379759,-0.302,-14.3829395698462,-0.054,16,19,-81,-116
45.1,-5.44019009430017,-0.307,-14.4315595683921,-0.054,-5,-2,-100,-97
45.07,-5.47986609498791,-0.314,-14.480179566938,-0.054,-33,-30,-119,-78
45.01,-5.5149640955963,-0.322,-14.5831395638587,-0.056,-53,-50,-97,-60
44.96,-5.54548409612533,-0.319,-14.7833395578713,-0.058,-70,-33,-79,-38
44.87,-5.56837409652211,-0.317,-14.9320595534235,-0.058,-52,-5,-57,-15
44.94,-5.59736809702469,-0.322,-15.0350195503443,-0.057,-70,-8,-35,-12
44.96,-5.62025809742147,-0.316,-15.0864995488046,-0.056,-52,15,-60,-38
44.93,-5.64314809781824,-0.301,-15.1351195473506,-0.056,-27,46,-80,-60
44.85,-5.66603809821502,-0.291,-15.1837395458965,-0.056,-3,20,-97,-77
44.88,-5.6950320987176,-0.282,-15.2323595444424,-0.055,18,-1,-80,-94
44.85,-5.71792209911437,-0.296,-15.3810795399946,-0.054,46,-21,-63,-112
44.8,-5.74081209951115,-0.311,-15.4840395369153,-0.053,70,-40,-80,-94
44.84,-5.76370209990792,-0.308,-15.5841395339216,-0.052,40,-61,-97,-77
44.7,-5.7865921003047,-0.307,-15.635619532382,-0.053,12,-89,-80,-60
44.63,-5.80643010064857,-0.313,-15.5841395339216,-0.054,-8,-64,-60,-38
44.65,-5.82321610093954,-0.324,-15.4840395369153,-0.054,-33,-47,-35,-12
44.58,-5.84610610133631,-0.333,-15.3324595414487,-0.055,-50,-30,-34,-31
44.6,-5.86899610173309,-0.334,-15.3324595414487,-0.056,-67,-5,-14,-50
44.55,-5.88273010197115,-0.338,-15.4296995385405,-0.056,-92,15,-37,-72
44.62,-5.90562010236793,-0.345,-15.4296995385405,-0.056,-64,43,-59,-90
44.6,-5.9285101027647,-0.341,-15.4296995385405,-0.056,-49,18,-77,-112
44.52,-5.95140010316148,-0.341,-15.4296995385405,-0.057,-30,-2,-96,-93
44.56,-5.97429010355825,-0.358,-15.3324595414487,-0.057,-50,-30,-115,-74
44.56,-5.99718010395503,-0.374,-15.2323595444424,-0.059,-33,-47,-93,-56
44.61,-6.0170181042989,-0.367,-15.1837395458965,-0.062,-50,-64,-111,-38
44.58,-6.04143410472212,-0.348,-15.1351195473506,-0.062,-33,-89,-93,-56
44.55,-6.05669410498664,-0.338,-15.1837395458965,-0.063,-51,-112,-76,-73
44.52,-6.07042810522471,-0.339,-15.2809795429883,-0.065,-70,-92,-59,-90
44.46,-6.08721410551567,-0.333,-15.3324595414487,-0.066,-95,-67,-37,-72
44.41,-6.10400010580664,-0.329,-15.3324595414487,-0.067,-67,-47,-56,-53
44.45,-6.11620810601826,-0.335,-15.3810795399946,-0.066,-50,-30,-34,-31
44.31,-6.12383810615051,-0.338,-15.5326595354612,-0.067,-30,-2,-56,-53
44.17,-6.14062410644148,-0.332,-15.635619532382,-0.066,0,24,-34,-31
44.23,-6.155884106706,-0.332,-15.7814795280197,-0.063,21,3,-11,-8
44.25,-6.16351410683826,-0.34,-15.881579525026,-0.061,-5,-27,-34,-31
44.21,-6.16961810694406,-0.341,-15.9845395219468,-0.062,-33,-47,-56,-53
44.16,-6.18640410723503,-0.351,-16.0331595204927,-0.063,-8,-64,-76,-73
44.16,-6.19250810734084,-0.37,-16.084639518953,-0.065,-33,-47,-96,-93
44.08,-6.2001381074731,-0.362,-16.133259517499,-0.067,-5,-27,-77,-112
44.1,-6.20929410763181,-0.344,-16.133259517499,-0.067,15,-46,-59,-90
44.06,-6.21692410776406,-0.341,-16.133259517499,-0.065,-5,-27,-37,-72
44.09,-6.21692410776406,-0.351,-16.2304995145908,-0.065,-33,-47,-56,-53
44.04,-6.21692410776406,-0.377,-16.3305995115971,-0.068,-50,-64,-75,-34
44.09,-6.21692410776406,-0.407,-16.4335595085178,-0.071,-68,-47,-90,-14
44.08,-6.21692410776406,-0.397,-16.5336595055241,-0.072,-92,-30,-111,-38
44.08,-6.21692410776406,-0.366,-16.6337595025304,-0.072,-67,-5,-93,-56
44.05,-6.21692410776406,-0.345,-16.7309994996222,-0.07,-50,-30,-76,-73
44.05,-6.21692410776406,-0.348,-16.8854394950033,-0.069,-33,-47,-59,-90
44.12,-6.21692410776406,-0.367,-17.0312994906411,-0.07,-50,-30,-77,-112
44.1,-6.21692410776406,-0.375,-17.0312994906411,-0.073,-30,-2,-99,-135
43.96,-6.21692410776406,-0.369,-17.0827794891014,-0.075,-5,-27,-77,-112
43.94,-6.21692410776406,-0.366,-17.1313994876474,-0.076,15,-46,-63,-94
43.97,-6.21692410776406,-0.372,-17.2314994846536,-0.075,-8,-64,-80,-77
43.84,-6.21692410776406,-0.392,-17.4831794771266,-0.076,-33,-89,-60,-57
43.81,-6.21692410776406,-0.398,-17.6805194712247,-0.077,-50,-64,-79,-38
43.88,-6.21692410776406,-0.384,-17.7834794681455,-0.076,-67,-47,-57,-15
43.86,-6.21692410776406,-0.39,-17.8835794651517,-0.076,-92,-30,-38,-35
43.82,-6.21692410776406,-0.382,-17.9321994636976,-0.076,-67,-5,-60,-57
43.83,-6.21692410776406,-0.354,-18.0294394607895,-0.075,-49,18,-41,-76
43.81,-6.21692410776406,-0.354,-18.1323994577102,-0.073,-24,49,-63,-94
43.74,-6.21692410776406,-0.372,-18.235359454631,-0.071,-49,18,-45,-112
43.81,-6.21692410776406,-0.386,-18.3840794501832,-0.072,-30,-2,-21,-91
43.77,-6.21692410776406,-0.391,-18.481319447275,-0.073,-53,-33,-41,-76
43.65,-6.21692410776406,-0.397,-18.5327994457354,-0.074,-36,-50,-60,-57
43.64,-6.21692410776406,-0.407,-18.481319447275,-0.075,-12,-67,-79,-38
43.53,-6.21692410776406,-0.411,-18.4326994487291,-0.075,-37,-92,-79,-18
43.6,-6.21692410776406,-0.409,-18.3840794501832,-0.074,-53,-67,-54,7
43.46,-6.21692410776406,-0.4,-18.4326994487291,-0.073,-36,-50,-35,-12
43.53,-6.21692410776406,-0.375,-18.5814194442813,-0.071,-8,-30,-60,-38
43.5,-6.21692410776406,-0.365,-18.6357594426561,-0.068,-33,-5,-80,-60
43.4,-6.21692410776406,-0.367,-18.6357594426561,-0.067,-3,21,-97,-77
43.47,-6.21692410776406,-0.351,-18.481319447275,-0.067,22,50,-80,-94
43.39,-6.21692410776406,-0.345,-18.2839794531769,-0.067,-3,21,-63,-112
43.36,-6.21692410776406,-0.36,-18.0809194592498,-0.066,18,0,-45,-94
43.25,-6.21692410776406,-0.375,-18.0294394607895,-0.068,43,-24,-21,-76
43.11,-6.21692410776406,-0.386,-18.0294394607895,-0.07,12,-49,-41,-57
42.97,-6.21692410776406,-0.401,-17.9321994636976,-0.07,-11,-67,-60,-38
43,-6.21692410776406,-0.402,-17.8349594666058,-0.069,-36,-92,-79,-18
43,-6.21692410776406,-0.396,-17.7348594695995,-0.068,-53,-67,-97,-42
42.97,-6.21692410776406,-0.406,-17.5832794741329,-0.068,-70,-50,-80,-60
42.88,-6.21692410776406,-0.397,-17.4345594785807,-0.07,-95,-33,-63,-77
42.8,-6.21692410776406,-0.358,-17.4345594785807,-0.069,-70,-8,-45,-94
42.81,-6.21692410776406,-0.334,-17.3344594815744,-0.067,-52,15,-21,-76
42.85,-6.20929410763181,-0.339,-17.1313994876474,-0.065,-67,40,-41,-57
42.92,-6.20929410763181,-0.349,-16.9826794920952,-0.065,-46,70,-63,-77
42.78,-6.2001381074731,-0.356,-16.8854394950033,-0.068,-27,46,-80,-94
42.64,-6.18640410723503,-0.366,-16.7824794980826,-0.071,-3,21,-63,-77
42.59,-6.17724810707632,-0.376,-16.7309994996222,-0.071,18,0,-41,-57
42.49,-6.16351410683826,-0.392,-16.6337595025304,-0.07,-8,-30,-60,-38
42.4,-6.14672810654729,-0.397,-16.4850395069782,-0.07,-36,-50,-35,-12
42.47,-6.13299410630922,-0.381,-16.3849395099719,-0.071,-53,-67,-54,7
42.51,-6.11620810601826,-0.37,-16.3305995115971,-0.07,-36,-92,-79,-18
42.48,-6.10400010580664,-0.361,-16.3849395099719,-0.069,-53,-67,-60,-38
42.4,-6.08111010540987,-0.339,-16.4850395069782,-0.069,-36,-50,-80,-60
42.42,-6.0643241051189,-0.312,-16.5336595055241,-0.069,-53,-33,-63,-77
42.28,-6.04143410472212,-0.304,-16.5851395039845,-0.069,-33,-5,-80,-94
42.14,-6.02770010448406,-0.301,-16.5851395039845,-0.07,-52,14,-97,-77
42,-6.00481010408728,-0.308,-16.6337595025304,-0.069,-33,-5,-80,-60
42.07,-5.98802410379632,-0.344,-16.6337595025304,-0.069,-8,-30,-60,-38
42.12,-5.96513410339954,-0.369,-16.6337595025304,-0.071,12,-49,-41,-57
42.16,-5.94529610305567,-0.369,-16.7309994996222,-0.072,-11,-67,-21,-76
42.2,-5.92240610265889,-0.372,-16.833959496543,-0.072,-36,-50,-45,-94
42.06,-5.89951610226212,-0.369,-16.9826794920952,-0.072,-53,-33,-63,-112
42.05,-5.88273010197115,-0.362,-16.9826794920952,-0.072,-70,-8,-80,-94
42.09,-5.85984010157438,-0.349,-16.9340594935492,-0.072,-95,-33,-63,-77
42.1,-5.84000210123051,-0.337,-16.833959496543,-0.071,-70,-50,-41,-57
42.1,-5.82321610093954,-0.337,-16.833959496543,-0.071,-53,-67,-60,-38
41.96,-5.79422210043696,-0.346,-16.8854394950033,-0.071,-73,-95,-80,-60
41.9,-5.77743610014599,-0.367,-17.0312994906411,-0.074,-53,-67,-97,-42
41.76,-5.75454609974921,-0.371,-17.1800194861933,-0.076,-36,-50,-79,-18
41.83,-5.72402609922018,-0.355,-17.3859394800348,-0.077,-10,-32,-57,4
41.89,-5.70266209884986,-0.366,-17.5317994756725,-0.077,-10,-51,-38,-15
41.92,-5.67214209832082,-0.376,-17.6318994726788,-0.078,-35,-32,-63,-41
41.83,-5.64314809781824,-0.37,-17.5832794741329,-0.078,-54,-7,-83,-63
41.9,-5.61415409731566,-0.375,-17.4831794771266,-0.078,-32,16,-72,-86
41.87,-5.58363409678663,-0.379,-17.3859394800348,-0.076,-51,41,-54,-103
41.82,-5.54548409612533,-0.396,-17.3344594815744,-0.077,-32,16,-72,-121
41.73,-5.50886009549049,-0.422,-17.3859394800348,-0.079,-55,-7,-54,-103
41.68,-5.46308009469695,-0.429,-17.5832794741329,-0.081,-73,-35,-72,-86
41.64,-5.4203520939563,-0.422,-17.9321994636976,-0.082,-101,-53,-89,-69
41.64,-5.3760980931892,-0.4,-18.3840794501832,-0.083,-123,-75,-106,-51
41.71,-5.33031809239565,-0.371,-18.684379441202,-0.081,-103,-100,-124,-30
41.74,-5.287590091655,-0.364,-18.8330994367542,-0.079,-81,-78,-106,-51
41.81,-5.24181009086145,-0.362,-18.8330994367542,-0.08,-61,-58,-124,-69
41.75,-5.1899260899621,-0.367,-18.8330994367542,-0.079,-41,-38,-109,-89
41.66,-5.13804208906274,-0.393,-18.8330994367542,-0.079,-13,-10,-92,-106
41.71,-5.08615808816338,-0.408,-18.8817194353001,-0.08,9,13,-75,-106
41.57,-5.03427408726403,-0.387,-18.930339433846,-0.08,-13,-10,-53,-88
41.64,-4.97628608625886,-0.376,-19.0847794292272,-0.077,-41,-38,-30,-66
41.52,-4.93203208549177,-0.392,-19.2334994247794,-0.075,-61,-58,-50,-47
41.4,-4.8740440844866,-0.409,-19.3822194203316,-0.075,-81,-78,-69,-27
41.47,-4.82216008358725,-0.419,-19.4308394188775,-0.074,-63,-103,-88,-8
41.48,-4.77027608268789,-0.401,-19.3335994217857,-0.072,-44,-75,-69,-27
41.43,-4.72602208192079,-0.359,-19.2821194233253,-0.071,-22,-103,-50,-47
41.45,-4.68024208112724,-0.34,-19.1848794262335,-0.069,-47,-78,-72,-69
41.38,-4.63598808036014,-0.351,-19.0847794292272,-0.067,-19,-60,-92,-89
41.41,-4.59478607964595,-0.38,-18.8330994367542,-0.067,-44,-41,-112,-109
41.43,-4.5490060788524,-0.402,-18.5327994457354,-0.068,-63,-16,-93,-128
41.38,-4.5047520780853,-0.406,-18.1323994577102,-0.067,-41,7,-81,-151
41.24,-4.46355007737111,-0.408,-17.7834794681455,-0.065,-16,-13,-60,-127
41.19,-4.41166607647175,-0.419,-17.4831794771266,-0.064,-45,-41,-78,-109
41.12,-4.36741207570465,-0.424,-17.2314994846536,-0.063,-65,-61,-56,-91
41.05,-4.31705407483175,-0.414,-17.0312994906411,-0.062,-47,-78,-33,-69
41,-4.26517007393239,-0.4,-16.8854394950033,-0.061,-65,-106,-11,-47
41.03,-4.20870807295368,-0.379,-16.7824794980826,-0.061,-84,-81,-30,-27
40.98,-4.15835007208077,-0.355,-16.7309994996222,-0.062,-64,-61,-53,-50
40.88,-4.09731007102271,-0.33,-16.6823795010763,-0.062,-44,-41,-75,-72
40.93,-4.0469520701498,-0.308,-16.5336595055241,-0.062,-16,-13,-95,-92
40.85,-3.9965940692769,-0.299,-16.3849395099719,-0.061,4,-38,-115,-112
40.83,-3.94623606840399,-0.317,-16.1818795160449,-0.06,-19,-60,-95,-92
40.79,-3.89587806753109,-0.344,-15.9845395219468,-0.062,-47,-78,-112,-75
40.75,-3.85467606681689,-0.345,-15.9359195234008,-0.064,-19,-60,-94,-53
40.67,-3.80431806594399,-0.327,-15.881579525026,-0.064,-44,-41,-75,-53
40.58,-3.76006406517689,-0.324,-15.9359195234008,-0.062,-63,-16,-56,-72
40.52,-3.71581006440979,-0.34,-15.9359195234008,-0.061,-44,-41,-36,-91
40.56,-3.6715560636427,-0.355,-15.8329595264801,-0.061,-64,-61,-56,-72
40.56,-3.63188006295495,-0.355,-15.7328595294738,-0.06,-47,-78,-84,-98
40.62,-3.58762606218785,-0.341,-15.5841395339216,-0.06,-64,-61,-101,-115
40.54,-3.54337206142076,-0.33,-15.4840395369153,-0.059,-81,-44,-121,-137
40.52,-3.50369606073301,-0.334,-15.3324595414487,-0.059,-63,-16,-101,-115
40.55,-3.46554606007172,-0.334,-15.1351195473506,-0.06,-44,-41,-84,-98
40.44,-3.42434405935753,-0.325,-14.9320595534235,-0.06,-19,-60,-62,-78
40.41,-3.38772005872269,-0.318,-14.7833395578713,-0.061,-47,-78,-36,-53
40.47,-3.3526220581143,-0.325,-14.683239560865,-0.062,-64,-61,-56,-33
40.39,-3.31599805747946,-0.334,-14.683239560865,-0.063,-44,-41,-81,-59
40.37,-3.28242605689752,-0.339,-14.6346195623191,-0.063,-64,-61,-101,-81
40.4,-3.24427605623623,-0.348,-14.480179566938,-0.062,-47,-78,-118,-98
40.47,-3.20460005554849,-0.353,-14.3343195713003,-0.061,-64,-61,-140,-118
40.4,-3.1664500548872,-0.353,-14.1369795772021,-0.062,-81,-44,-121,-137
40.33,-3.13287805430526,-0.353,-13.9339195832751,-0.062,-63,-16,-101,-115
40.27,-3.08252005343235,-0.351,-13.7337195892625,-0.061,-41,7,-84,-98
40.19,-3.04589605279751,-0.34,-13.6307595923418,-0.06,-63,-16,-101,-81
40.12,-3.00622005210977,-0.329,-13.6307595923418,-0.062,-44,-41,-81,-59
40.05,-2.96196605134267,-0.321,-13.5821395937959,-0.063,-19,-60,-56,-33
40.09,-2.92839405076074,-0.317,-13.4820395967896,-0.062,1,-75,-36,-53
40.08,-2.88566605002009,-0.324,-13.2846996026915,-0.061,-22,-103,-62,-78
40.02,-2.84141204925299,-0.324,-13.0844996086789,-0.062,-47,-78,-84,-98
39.97,-2.79258004840654,-0.318,-12.9329196132122,-0.063,-64,-61,-101,-115
39.88,-2.74374804756009,-0.319,-12.832819616206,-0.064,-81,-44,-121,-137
39.87,-2.70102004681944,-0.318,-12.78419961766,-0.063,-106,-19,-140,-118
39.81,-2.65218804597299,-0.319,-12.832819616206,-0.061,-78,4,-118,-98
39.81,-2.61251204528524,-0.319,-12.7298596192852,-0.06,-63,-16,-101,-81
39.85,-2.56825804451814,-0.311,-12.6326196221934,-0.059,-44,-41,-81,-59
39.77,-2.5255300437775,-0.301,-12.5325196251871,-0.059,-19,-60,-62,-78
39.79,-2.47669804293105,-0.298,-12.3866596295494,-0.059,1,-76,-42,-97
39.74,-2.44312604234911,-0.292,-12.335179631089,-0.061,26,-101,-42,-112
39.69,-2.40039804160846,-0.291,-12.2808396327141,-0.062,1,-76,-62,-97
39.63,-2.36682604102653,-0.301,-12.1835996356223,-0.063,-19,-61,-81,-78
39.56,-2.33020204039169,-0.306,-12.0320196401557,-0.064,4,-38,-100,-59
39.52,-2.29663003980975,-0.304,-11.8861596445179,-0.064,-16,-13,-115,-39
39.5,-2.26000603917491,-0.297,-11.7803396476827,-0.065,-41,6,-100,-59
39.52,-2.23406403872523,-0.285,-11.6830996505909,-0.065,-63,-17,-75,-72
39.38,-2.20049203814329,-0.279,-11.5858596534991,-0.065,-81,-45,-56,-91
39.34,-2.16386803750845,-0.274,-11.4371396579469,-0.065,-64,-62,-33,-69
39.28,-2.13029603692652,-0.27,-11.3341796610261,-0.066,-47,-79,-56,-91
39.24,-2.09672403634458,-0.271,-11.1825996655595,-0.067,-22,-104,-75,-72
39.3,-2.06010003570974,-0.275,-11.0824996685532,-0.069,-47,-79,-100,-59
39.27,-2.03263203523361,-0.276,-10.9852596714613,-0.072,-19,-61,-112,-75
39.19,-1.99448203457232,-0.27,-10.8822996745406,-0.073,4,-39,-95,-92
39.2,-1.97006603414909,-0.264,-10.7821996775343,-0.074,-16,-14,-78,-109
39.1,-1.93954603362006,-0.27,-10.5848596834362,-0.076,-44,-42,-62,-97
39.1,-1.91360403317038,-0.272,-10.3331796909633,-0.077,-64,-62,-81,-78
39.08,-1.88003203258845,-0.27,-10.1358396968651,-0.079,-84,-82,-100,-59
39.08,-1.84951203205941,-0.271,-9.93277970293811,-0.079,-64,-62,-81,-78
39.03,-1.82509603163619,-0.265,-9.73543970884,-0.079,-81,-45,-62,-97
38.98,-1.79152403105425,-0.253,-9.48375971636705,-0.078,-63,-17,-84,-115
39.03,-1.76558203060457,-0.249,-9.33217972090039,-0.078,-44,-42,-62,-97
39.02,-1.74116603018134,-0.259,-9.23493972380856,-0.078,-19,-61,-84,-115
38.97,-1.70912002962586,-0.271,-9.13197972688781,-0.078,-47,-79,-101,-115
39.01,-1.68165202914973,-0.274,-9.03187972988153,-0.08,-22,-104,-84,-98
38.88,-1.64960602859425,-0.264,-8.88601973424379,-0.081,-50,-127,-101,-81
38.89,-1.62519002817102,-0.249,-8.7372997386916,-0.081,-22,-104,-81,-59
38.85,-1.59009202756263,-0.249,-8.48275974630418,-0.08,-47,-79,-62,-78
38.8,-1.5656760271394,-0.253,-8.28541975220607,-0.079,-67,-65,-84,-98
38.82,-1.53363002658392,-0.253,-8.13383975673941,-0.078,-47,-45,-101,-98
38.74,-1.50005802600198,-0.256,-7.98511976118721,-0.077,-67,-65,-84,-115
38.75,-1.4680120254465,-0.259,-7.83639976563502,-0.077,-47,-45,-62,-97
38.66,-1.43596602489101,-0.255,-7.68195977025389,-0.077,-22,-64,-66,-82
38.73,-1.40239402430908,-0.249,-7.58471977316207,-0.077,-38,-70,-69,-47
38.59,-1.36119202359488,-0.242,-7.48461977615578,-0.075,-55,-53,-88,-27
38.54,-1.3291460230394,-0.231,-7.33303978068912,-0.075,-35,-33,-106,-51
38.48,-1.28336602224585,-0.217,-7.18431978513692,-0.075,-55,-53,-100,-64
38.54,-1.24216402153165,-0.212,-6.98697979103881,-0.073,-75,-73,-83,-81
38.55,-1.20401402087036,-0.216,-6.78105979719731,-0.072,-48,-90,-87,-85
38.46,-1.15823402007681,-0.214,-6.68381980010549,-0.072,-67,-65,-73,-71
38.49,-1.11703201936262,-0.214,-6.5837198030992,-0.072,-47,-45,-56,-88
38.47,-1.06972601854261,-0.211,-6.43213980763254,-0.072,-67,-65,-25,-61
38.42,-1.02852401782842,-0.198,-6.28341981208034,-0.072,-50,-48,-11,-48
38.41,-0.987322017114224,-0.192,-6.03459981952186,-0.071,-33,-65,11,-26
38.3,-0.953750016532288,-0.192,-5.78291982704891,-0.069,-50,-48,-11,-48
38.37,-0.921704015976803,-0.184,-5.53123983457596,-0.067,-17,-15,-11,-9
38.33,-0.885080015341963,-0.17,-5.38537983893823,-0.066,-37,-35,-33,-31
38.37,-0.853034014786478,-0.155,-5.18517984492565,-0.064,-17,-15,-53,-51
38.34,-0.825566014310348,-0.143,-4.98211985099861,-0.063,11,13,-73,-71
38.29,-0.804202013940025,-0.145,-4.83339985544642,-0.062,-17,-15,-56,-92
38.34,-0.778260013490347,-0.156,-4.63319986143384,-0.062,-21,25,-54,-52
38.28,-0.756896013120024,-0.154,-4.33575987032945,-0.062,-39,-3,-34,-32
38.3,-0.7355320127497,-0.148,-4.0840798778565,-0.061,-22,-20,-51,-15
38.23,-0.729428012643894,-0.148,-3.83525988529801,-0.06,-32,-30,-54,18
38.3,-0.714168012379377,-0.145,-3.63505989128544,-0.058,-53,-51,-22,32
38.16,-0.698908012114861,-0.134,-3.43485989727287,-0.056,-28,-71,-5,14
38.02,-0.692804012009054,-0.114,-3.28041990189174,-0.053,-6,-48,12,-3
37.88,-0.686700011903247,-0.108,-3.13455990625401,-0.049,16,-16,37,-13
37.91,-0.680596011797441,-0.132,-2.9372199121559,-0.046,44,2,19,-31
37.77,-0.680596011797441,-0.143,-2.63691992113704,-0.043,67,24,1,-55
37.8,-0.680596011797441,-0.127,-2.38237992874962,-0.042,50,52,26,-24
37.84,-0.680596011797441,-0.101,-2.1364199361056,-0.041,22,24,11,-6
37.7,-0.680596011797441,-0.076,-1.93335994217857,-0.038,4,4,34,17
37.74,-0.680596011797441,-0.066,-1.78463994662637,-0.035,-16,-16,56,37
37.6,-0.671440011638731,-0.08,-1.68453994962008,-0.033,-44,-44,37,56
37.64,-0.671440011638731,-0.085,-1.63591995107417,-0.031,-2,0,78,59
37.68,-0.671440011638731,-0.066,-1.5844399526138,-0.03,39,39,76,59
37.72,-0.671440011638731,-0.048,-1.5844399526138,-0.029,59,59,59,42
37.75,-0.671440011638731,-0.044,-1.63591995107417,-0.028,40,84,76,59
37.78,-0.671440011638731,-0.048,-1.73601994808046,-0.026,42,121,84,101
37.8,-0.671440011638731,-0.05,-1.88473994363266,-0.025,57,101,67,119
37.81,-0.671440011638731,-0.049,-1.93335994217857,-0.024,76,76,84,101
37.67,-0.665336011532924,-0.045,-1.98769994055341,-0.025,117,73,97,114
37.7,-0.665336011532924,-0.037,-1.98769994055341,-0.025,137,58,114,97
37.73,-0.665336011532924,-0.029,-2.03631993909932,-0.025,135,76,159,107
37.73,-0.659232011427117,-0.029,-2.03631993909932,-0.023,124,107,182,148
37.76,-0.659232011427117,-0.034,-1.98769994055341,-0.022,107,90,200,130
37.79,-0.659232011427117,-0.041,-1.83611994508674,-0.021,90,107,182,148
37.65,-0.650076011268407,-0.04,-1.78463994662637,-0.021,81,140,184,184
37.69,-0.650076011268407,-0.03,-1.78463994662637,-0.02,106,165,204,204
37.73,-0.650076011268407,-0.023,-1.88473994363266,-0.018,124,188,185,223
37.59,-0.650076011268407,-0.024,-1.88473994363266,-0.015,156,181,193,266
37.63,-0.650076011268407,-0.023,-1.88473994363266,-0.013,136,153,208,246
37.67,-0.650076011268407,-0.015,-1.88473994363266,-0.012,133,150,209,243
37.53,-0.650076011268407,-0.015,-1.93335994217857,-0.013,111,136,242,242
37.57,-0.650076011268407,-0.015,-1.93335994217857,-0.013,139,156,259,225
37.61,-0.650076011268407,-0.013,-1.93335994217857,-0.013,156,173,242,225
37.65,-0.650076011268407,-0.012,-1.93335994217857,-0.012,155,172,276,224
37.51,-0.650076011268407,-0.015,-1.88473994363266,-0.012,172,155,261,203
37.55,-0.650076011268407,-0.029,-1.88473994363266,-0.012,189,172,242,223
37.59,-0.659232011427117,-0.048,-1.93335994217857,-0.011,220,161,268,251
37.63,-0.665336011532924,-0.06,-1.98769994055341,-0.008,198,139,292,275
37.67,-0.671440011638731,-0.066,-1.98769994055341,-0.006,232,173,287,304
37.68,-0.671440011638731,-0.062,-1.98769994055341,-0.004,215,198,290,342
37.68,-0.686700011903247,-0.054,-2.08493993764523,0,249,224,272,342
37.72,-0.692804012009054,-0.045,-2.1364199361056,0.002,224,249,290,324
37.76,-0.708064012273571,-0.033,-2.08493993764523,0.004,214,231,329,329
37.62,-0.720272012485184,-0.027,-1.93335994217857,0.006,197,214,346,312
37.66,-0.729428012643894,-0.027,-1.73601994808046,0.006,191,216,385,315
37.7,-0.741636012855507,-0.029,-1.5844399526138,0.007,188,188,373,339
37.75,-0.756896013120024,-0.041,-1.48147995569304,0.01,165,165,359,359
37.81,-0.769104013331637,-0.045,-1.48147995569304,0.012,191,191,342,376
37.87,-0.782838013569702,-0.038,-1.5844399526138,0.015,216,216,324,376
37.73,-0.788942013675509,-0.027,-1.68453994962008,0.018,236,236,300,358
37.79,-0.804202013940025,-0.015,-1.68453994962008,0.022,313,313,406,425
37.65,-0.810306014045832,-0.011,-1.73601994808046,0.025,345,345,433,414
37.71,-0.810306014045832,-0.013,-1.83611994508674,0.027,372,372,453,436
37.77,-0.810306014045832,-0.017,-1.93335994217857,0.029,355,355,479,462
37.83,-0.810306014045832,-0.018,-1.98769994055341,0.03,337,337,516,464
37.89,-0.816410014151638,-0.018,-1.98769994055341,0.028,320,320,498,446
37.95,-0.816410014151638,-0.024,-1.93335994217857,0.027,300,300,484,467
37.81,-0.816410014151638,-0.035,-1.88473994363266,0.028,284,328,480,497
37.87,-0.816410014151638,-0.045,-1.88473994363266,0.029,264,343,462,514
37.93,-0.816410014151638,-0.049,-1.93335994217857,0.032,294,338,497,549
37.79,-0.810306014045832,-0.054,-2.03631993909932,0.034,327,327,524,582
37.85,-0.804202013940025,-0.065,-2.1364199361056,0.036,347,347,546,565
37.91,-0.795046013781315,-0.074,-2.23365993319743,0.037,367,333,524,543
37.97,-0.788942013675509,-0.07,-2.23365993319743,0.036,398,314,522,539
38.04,-0.782838013569702,-0.056,-2.18503993465152,0.033,370,291,500,519
37.9,-0.778260013490347,-0.051,-2.08493993764523,0.032,346,257,506,487
37.96,-0.769104013331637,-0.046,-1.93335994217857,0.034,327,282,529,512
37.96,-0.769104013331637,-0.02,-1.78463994662637,0.036,302,302,546,494
38.02,-0.76300001322583,-0.001,-1.73601994808046,0.038,305,330,564,512
38.08,-0.756896013120024,-0.008,-1.78463994662637,0.037,333,350,546,529
37.94,-0.756896013120024,-0.023,-1.88473994363266,0.035,350,333,529,546
38,-0.747740012961314,-0.034,-1.98769994055341,0.034,367,350,515,532
38.06,-0.741636012855507,-0.04,-2.03631993909932,0.032,350,367,490,509
38.12,-0.7355320127497,-0.035,-1.93335994217857,0.03,367,350,509,490
38.12,-0.729428012643894,-0.023,-1.88473994363266,0.029,356,373,519,519
38.13,-0.720272012485184,-0.02,-1.83611994508674,0.029,339,356,532,532
37.99,-0.708064012273571,-0.027,-1.83897994500121,0.029,311,336,559,559
38.06,-0.698908012114861,-0.029,-1.78749994654083,0.03,333,350,533,571
38.12,-0.689752011956151,-0.035,-1.73887994799492,0.031,356,373,552,552
37.98,-0.683648011850344,-0.037,-1.73887994799492,0.03,376,401,539,539
38.05,-0.668388011585827,-0.023,-1.73887994799492,0.029,409,430,559,525
37.91,-0.662284011480021,-0.02,-1.83897994500121,0.027,379,404,539,539
37.98,-0.656180011374214,-0.037,-1.88759994354712,0.025,359,376,525,559
38.05,-0.647024011215504,-0.044,-1.83897994500121,0.023,345,362,511,549
38.09,-0.640920011109697,-0.035,-1.78749994654083,0.022,317,342,488,527
38.16,-0.628712010898084,-0.027,-1.68739994953455,0.021,342,317,508,508
38.21,-0.619556010739374,-0.028,-1.63877995098864,0.021,349,304,536,536
38.28,-0.613452010633568,-0.039,-1.63877995098864,0.023,324,324,565,565
38.14,-0.607348010527761,-0.049,-1.63877995098864,0.024,355,355,582,548
38,-0.598192010369051,-0.041,-1.63877995098864,0.025,378,378,607,569
38.07,-0.592088010263244,-0.032,-1.68739994953455,0.026,410,410,604,570
38.14,-0.581406010078083,-0.035,-1.68739994953455,0.027,435,391,593,593
38.21,-0.572250009919373,-0.038,-1.68739994953455,0.027,410,376,580,614
38.07,-0.566146009813566,-0.03,-1.68739994953455,0.026,401,401,566,636
38.14,-0.550886009549049,-0.023,-1.68739994953455,0.025,384,418,593,666
38.21,-0.544782009443243,-0.025,-1.73887994799492,0.027,359,403,615,653
38.28,-0.537152009310985,-0.039,-1.73887994799492,0.028,387,421,614,631
38.33,-0.531048009205178,-0.043,-1.73887994799492,0.028,362,406,637,620
38.38,-0.521892009046468,-0.039,-1.73887994799492,0.029,394,394,658,606
38.24,-0.515788008940661,-0.038,-1.68739994953455,0.029,375,375,582,530
38.31,-0.509684008834855,-0.03,-1.58729995252826,0.031,395,395,564,506
38.38,-0.500528008676145,-0.024,-1.58729995252826,0.032,423,398,546,488
38.4,-0.494424008570338,-0.024,-1.53867995398235,0.033,401,384,533,513
38.42,-0.488320008464531,-0.022,-1.4357199570616,0.032,387,370,561,542
38.28,-0.482216008358725,-0.015,-1.2869999615094,0.032,367,342,587,570
38.35,-0.482216008358725,-0.009,-1.18975996441758,0.033,337,316,601,584
38.42,-0.473060008200015,-0.006,-1.14113996587167,0.033,367,342,587,604
38.28,-0.466956008094208,-0.007,-1.18975996441758,0.034,393,376,576,628
38.35,-0.460852007988401,-0.012,-1.2869999615094,0.036,410,393,597,614
38.39,-0.460852007988401,-0.011,-1.33561996005531,0.036,398,415,581,598
38.45,-0.451696007829691,-0.008,-1.33561996005531,0.035,387,446,614,597
38.52,-0.451696007829691,-0.017,-1.33561996005531,0.034,405,469,631,579
38.59,-0.439488007618078,-0.034,-1.2869999615094,0.035,427,452,620,603
38.62,-0.433384007512272,-0.037,-1.18975996441758,0.037,414,431,603,584
38.48,-0.424228007353562,-0.025,-1.08965996741129,0.038,390,407,581,600
38.34,-0.418124007247755,-0.023,-1.03531996903645,0.037,414,397,606,623
38.41,-0.412020007141948,-0.028,-0.93807997194463,0.038,431,372,623,606
38.48,-0.402864006983238,-0.037,-0.93807997194463,0.039,419,355,653,601
38.55,-0.396760006877432,-0.041,-0.93807997194463,0.038,394,324,639,622
38.62,-0.390656006771625,-0.04,-0.98669997049054,0.038,370,349,622,639
38.67,-0.384552006665818,-0.039,-0.98669997049054,0.04,358,379,615,667
38.73,-0.375396006507108,-0.038,-0.889459973398719,0.043,387,412,633,685
38.8,-0.369292006401302,-0.027,-0.737879977932056,0.047,415,432,650,667
38.85,-0.363188006295495,-0.006,-0.737879977932056,0.05,445,462,648,665
38.92,-0.354032006136785,-0.004,-0.786499976477967,0.053,462,445,629,648
38.78,-0.346402006004527,-0.013,-0.786499976477967,0.055,462,479,633,653
38.85,-0.34029800589872,-0.011,-0.737879977932056,0.058,492,475,672,652
38.92,-0.34029800589872,-0.003,-0.737879977932056,0.06,517,458,697,678
38.99,-0.334194005792914,0.002,-0.689259979386146,0.063,501,442,726,709
39.07,-0.325038005634204,0.003,-0.640639980840235,0.066,486,422,753,736
38.93,-0.325038005634204,-0.002,-0.689259979386146,0.069,470,445,736,753
39.01,-0.318934005528397,-0.006,-0.737879977932056,0.071,445,470,719,736
39.09,-0.318934005528397,-0.006,-0.786499976477967,0.074,507,571,820,839
39.17,-0.31283000542259,-0.006,-0.786499976477967,0.078,507,586,794,814
39.25,-0.30367400526388,-0.008,-0.737879977932056,0.082,479,568,772,791
39.33,-0.297570005158074,-0.012,-0.689259979386146,0.086,528,607,825,845
39.19,-0.297570005158074,-0.006,-0.640639980840235,0.089,548,592,854,873
39.27,-0.291466005052267,0.002,-0.586299982465393,0.093,573,573,873,854
39.35,-0.285362004946461,0.003,-0.534819984005018,0.096,613,569,926,909
39.44,-0.276206004787751,0.004,-0.437579986913196,0.1,591,546,946,894
39.53,-0.276206004787751,0.008,-0.388959988367285,0.103,592,546,968,951
39.62,-0.270102004681944,0.006,-0.388959988367285,0.106,642,597,981,998
39.69,-0.270102004681944,0,-0.388959988367285,0.11,615,569,963,1015
39.78,-0.262472004549686,-0.008,-0.437579986913196,0.115,613,613,1009,1026
39.88,-0.253316004390976,-0.022,-0.486199985459107,0.119,645,645,1001,1022
39.74,-0.247212004285169,-0.027,-0.534819984005018,0.124,673,673,975,997
39.84,-0.247212004285169,-0.027,-0.589159982379859,0.129,704,704,1009,991
39.94,-0.241108004179362,-0.027,-0.589159982379859,0.133,724,724,989,1011
40.04,-0.235004004073556,-0.02,-0.537679983919483,0.138,752,752,1015,1036
40.11,-0.225848003914846,-0.011,-0.440439986827662,0.141,727,727,1046,1065
40.21,-0.225848003914846,-0.009,-0.340339989821375,0.144,707,707,1063,1048
40.24,-0.219744003809039,-0.007,-0.194479994183643,0.145,687,687,1045,1026
40.34,-0.213640003703232,-0.007,-0.0400399988025147,0.145,659,659,1061,1003
40.44,-0.204484003544523,-0.012,0.008579999743396,0.147,655,655,1076,1059
40.44,-0.204484003544523,-0.008,-0.0400399988025147,0.149,678,678,1057,1078
40.54,-0.204484003544523,-0.002,-0.140139995808801,0.15,658,703,1081,1098
40.64,-0.198380003438716,-0.004,-0.194479994183643,0.153,660,749,1095,1114
40.74,-0.190750003306458,-0.004,-0.194479994183643,0.156,685,730,1069,1089
40.84,-0.190750003306458,-0.004,-0.140139995808801,0.158,657,703,1047,1068
40.94,-0.184646003200651,-0.003,-0.0400399988025147,0.161,707,707,1108,1128
40.8,-0.175490003041941,0.002,-0.0400399988025147,0.164,728,682,1134,1153
40.9,-0.169386002936134,0.004,-0.140139995808801,0.167,755,710,1153,1153
41,-0.163282002830328,0.009,-0.243099992729553,0.171,792,748,1191,1191
41.1,-0.154126002671618,0.019,-0.291719991275464,0.175,810,776,1213,1211
41.1,-0.154126002671618,0.019,-0.243099992729553,0.178,852,808,1250,1210
41.21,-0.148022002565811,0.012,-0.140139995808801,0.18,879,800,1238,1204
41.32,-0.141918002460004,0.002,-0.0915199972628907,0.182,859,815,1220,1182
41.43,-0.134288002327746,-0.011,-0.0915199972628907,0.183,840,806,1214,1175
41.54,-0.125132002169036,-0.014,-0.140139995808801,0.183,823,806,1192,1174
41.63,-0.11902800206323,-0.02,-0.194479994183643,0.183,803,778,1172,1194
41.67,-0.11902800206323,-0.03,-0.140139995808801,0.185,767,746,1191,1212
41.73,-0.112924001957423,-0.033,-0.0400399988025147,0.188,732,707,1198,1217
41.83,-0.103768001798713,-0.023,0.008579999743396,0.19,706,681,1215,1232
41.94,-0.103768001798713,-0.015,0.108679996749683,0.193,732,707,1192,1209
41.8,-0.0976640016929063,-0.017,0.160159995210059,0.194,707,732,1176,1195
41.91,-0.0976640016929063,-0.017,0.160159995210059,0.194,736,757,1195,1178
42.02,-0.0976640016929063,-0.003,0.160159995210059,0.193,775,800,1185,1165
42.09,-0.0915600015870996,0.003,0.108679996749683,0.193,815,832,1180,1161
42.2,-0.0915600015870996,-0.006,0.060059998203772,0.193,832,849,1203,1183
42.25,-0.0915600015870996,-0.019,-0.0400399988025147,0.195,830,847,1253,1234
42.36,-0.0915600015870996,-0.023,-0.140139995808801,0.199,859,842,1288,1271
42.47,-0.0915600015870996,-0.011,-0.0915199972628907,0.201,876,817,1305,1288
42.33,-0.0915600015870996,0.008,-0.0400399988025147,0.201,872,855,1312,1329
42.44,-0.0915600015870996,0.022,0.008579999743396,0.204,867,884,1307,1324
42.54,-0.0915600015870996,0.011,0.008579999743396,0.206,839,864,1289,1341
42.62,-0.0915600015870996,-0.008,0.060059998203772,0.207,822,886,1317,1351
42.73,-0.0915600015870996,-0.024,0.060059998203772,0.209,794,864,1340,1340
42.59,-0.0915600015870996,-0.022,0.060059998203772,0.211,819,840,1320,1320
42.7,-0.0915600015870996,-0.006,0.008579999743396,0.209,848,827,1344,1306
42.81,-0.0915600015870996,-0.001,-0.0400399988025147,0.208,818,793,1320,1281
42.92,-0.0839300014548413,-0.008,-0.0915199972628907,0.208,843,822,1295,1256
43.03,-0.0839300014548413,-0.012,-0.0915199972628907,0.209,873,848,1272,1272
43.14,-0.0747740012961314,-0.006,-0.0915199972628907,0.209,893,876,1256,1295
43.22,-0.0747740012961314,0.009,-0.0400399988025147,0.209,910,893,1226,1269
43.29,-0.0686700011903247,0.004,0.008579999743396,0.209,884,901,1237,1237
43.4,-0.0625660010845181,-0.009,0.060059998203772,0.208,861,920,1244,1201
43.5,-0.0534100009258081,-0.015,0.008579999743396,0.208,836,895,1273,1234
43.61,-0.0473060008200015,-0.019,0.008579999743396,0.209,813,877,1295,1256
43.72,-0.0473060008200015,-0.022,0.008579999743396,0.211,791,861,1329,1291
43.83,-0.0396760006877432,-0.018,0.060059998203772,0.212,816,837,1310,1310
43.93,-0.0244160004232266,-0.013,0.060059998203772,0.214,851,830,1318,1356
44.04,-0.0183120003174199,-0.011,0.108679996749683,0.217,888,818,1314,1387
44.07,-0.0122080002116133,-0.012,0.108679996749683,0.22,907,794,1292,1369
44.18,-0.00610400010580664,-0.002,0.108679996749683,0.223,939,812,1334,1373
44.04,0,0.006,0.108679996749683,0.226,941,852,1379,1379
44.15,0.00610400010580664,-0.001,0.108679996749683,0.227,922,877,1401,1401
44.19,0.0213640003703232,0,0.060059998203772,0.227,911,911,1437,1437
44.31,0.0274680004761299,0.007,0.060059998203772,0.227,897,942,1468,1468
44.43,0.0396760006877432,0.001,0.008579999743396,0.227,920,964,1448,1448
44.55,0.0503580008729048,-0.014,-0.0400399988025147,0.226,948,982,1428,1428
44.67,0.0625660010845181,-0.02,-0.0400399988025147,0.224,965,965,1409,1409
44.79,0.0778260013490347,-0.015,0.008579999743396,0.222,945,945,1383,1383
44.91,0.0915600015870996,-0.009,0.008579999743396,0.222,917,917,1406,1367
44.92,0.10071600174581,-0.002,0.060059998203772,0.223,910,910,1447,1408
44.98,0.112924001957423,0.002,0.108679996749683,0.223,880,880,1428,1428
45.01,0.128184002221939,0,0.160159995210059,0.222,855,855,1453,1453
44.87,0.134288002327746,-0.004,0.160159995210059,0.222,886,886,1479,1479
44.99,0.151074002618714,-0.004,0.160159995210059,0.221,916,916,1499,1499
45.11,0.157178002724521,-0.008,0.160159995210059,0.221,936,936,1473,1473
45.23,0.163282002830328,-0.019,0.160159995210059,0.221,967,967,1459,1459
45.35,0.172438002989038,-0.025,0.160159995210059,0.223,942,986,1437,1437
45.47,0.172438002989038,-0.028,0.108679996749683,0.224,967,967,1417,1417
45.59,0.178542003094844,-0.03,0.060059998203772,0.225,996,952,1405,1405
45.71,0.178542003094844,-0.028,0.008579999743396,0.226,1011,932,1424,1381
45.83,0.178542003094844,-0.017,0.008579999743396,0.228,1040,911,1449,1367
45.95,0.178542003094844,-0.007,0.060059998203772,0.23,1021,894,1489,1408
46.07,0.178542003094844,-0.003,0.160159995210059,0.232,1004,869,1467,1428
45.93,0.178542003094844,0.001,0.25739999230188,0.234,981,887,1444,1444
46.05,0.178542003094844,0.003,0.311739990676721,0.235,967,921,1443,1482
46.09,0.178542003094844,0,0.311739990676721,0.235,946,946,1465,1504
46.21,0.184646003200651,-0.004,0.25739999230188,0.235,921,967,1488,1526
46.3,0.184646003200651,-0.011,0.208779993755969,0.234,897,991,1510,1544
46.33,0.184646003200651,-0.014,0.108679996749683,0.233,924,1013,1528,1566
46.45,0.184646003200651,-0.006,0.060059998203772,0.232,958,1037,1554,1554
46.31,0.184646003200651,-0.003,0.060059998203772,0.232,975,1034,1527,1527
46.43,0.184646003200651,-0.004,-0.0400399988025147,0.231,1000,1017,1507,1507
46.55,0.184646003200651,-0.006,-0.140139995808801,0.228,975,1034,1485,1485
46.67,0.184646003200651,-0.014,-0.140139995808801,0.226,997,1014,1453,1453
46.79,0.184646003200651,-0.024,-0.0915199972628907,0.224,972,1031,1431,1431
46.91,0.190750003306458,-0.024,0.008579999743396,0.224,949,1013,1407,1450
47.03,0.190750003306458,-0.017,0.108679996749683,0.227,918,988,1437,1476
47.15,0.190750003306458,-0.013,0.060059998203772,0.229,943,964,1459,1498
47.27,0.190750003306458,-0.023,0.060059998203772,0.23,964,943,1482,1482
47.36,0.190750003306458,-0.029,0.060059998203772,0.23,988,918,1498,1459
47.48,0.190750003306458,-0.03,0.108679996749683,0.23,964,943,1517,1440
47.6,0.190750003306458,-0.034,0.208779993755969,0.23,939,914,1535,1462
47.72,0.190750003306458,-0.022,0.360359989222632,0.231,913,888,1556,1446
47.84,0.190750003306458,0,0.50907998477483,0.231,939,914,1535,1462
47.89,0.190750003306458,0.013,0.55769998332074,0.231,964,943,1520,1482
47.75,0.190750003306458,0.02,0.55769998332074,0.231,991,966,1498,1498
47.85,0.190750003306458,0.022,0.55769998332074,0.231,1011,994,1479,1517
47.97,0.190750003306458,0.014,0.606319981866651,0.231,1034,1017,1510,1544
48,0.190750003306458,0.004,0.706419978872938,0.231,1011,1028,1482,1520
48.12,0.190750003306458,0.001,0.760759977247779,0.229,997,1056,1501,1501
48.24,0.190750003306458,-0.002,0.706419978872938,0.227,965,1024,1470,1470
48.28,0.190750003306458,-0.011,0.606319981866651,0.226,942,1006,1444,1444
48.4,0.190750003306458,-0.022,0.606319981866651,0.225,962,987,1470,1470
48.45,0.190750003306458,-0.022,0.657799980327027,0.224,991,966,1444,1444
48.57,0.190750003306458,-0.015,0.760759977247779,0.225,1006,942,1467,1467
48.43,0.184646003200651,-0.007,0.706419978872938,0.225,987,962,1489,1489
48.55,0.178542003094844,-0.007,0.606319981866651,0.226,962,987,1470,1508
48.67,0.172438002989038,-0.017,0.606319981866651,0.229,930,951,1446,1519
48.79,0.157178002724521,-0.012,0.606319981866651,0.231,901,926,1424,1501
48.8,0.151074002618714,0.003,0.55769998332074,0.231,930,951,1443,1482
48.8,0.141918002460004,0.008,0.411839987683008,0.23,947,926,1456,1494
48.92,0.134288002327746,0.006,0.208779993755969,0.229,971,901,1478,1512
49.03,0.122080002116133,0.018,0.060059998203772,0.227,996,932,1495,1495
49.15,0.112924001957423,0.028,-0.0915199972628907,0.225,1007,948,1502,1468
49.01,0.10071600174581,0.02,-0.194479994183643,0.225,1032,973,1490,1452
49.13,0.0915600015870996,0.008,-0.194479994183643,0.225,1004,987,1456,1417
49.25,0.0778260013490347,0.017,-0.194479994183643,0.226,987,1004,1440,1401
49.37,0.0625660010845181,0.035,-0.194479994183643,0.226,973,990,1414,1371
49.49,0.0625660010845181,0.028,-0.243099992729553,0.224,942,967,1437,1398
49.54,0.0564620009787114,0.008,-0.243099992729553,0.222,916,937,1459,1420
49.6,0.0503580008729048,0.014,-0.243099992729553,0.223,937,916,1481,1443
49.72,0.0396760006877432,0.032,-0.243099992729553,0.224,970,945,1465,1465
49.84,0.0335720005819365,0.024,-0.291719991275464,0.227,945,970,1443,1443
49.96,0.0335720005819365,-0.001,-0.340339989821375,0.228,919,940,1462,1423
50.08,0.0274680004761299,-0.019,-0.243099992729553,0.228,897,922,1491,1414
49.94,0.0213640003703232,-0.024,-0.0915199972628907,0.226,915,890,1499,1426
49.8,0.0213640003703232,0.001,0.060059998203772,0.225,890,915,1484,1446
49.92,0.0213640003703232,0.029,0.108679996749683,0.225,867,937,1465,1465
50.04,0.0213640003703232,0.009,0.160159995210059,0.225,849,919,1456,1494
50.16,0.0122080002116133,-0.043,0.208779993755969,0.223,874,944,1433,1474
50.27,0.0122080002116133,-0.069,0.360359989222632,0.218,901,971,1411,1452
50.39,0.00610400010580664,-0.044,0.360359989222632,0.214,926,947,1377,1422
50.51,0.00610400010580664,-0.013,0.160159995210059,0.211,947,926,1356,1398
50.37,0,0.015,-0.0400399988025147,0.212,971,901,1381,1424
50.23,-0.00610400010580664,0.043,-0.194479994183643,0.216,997,933,1412,1451
50.35,-0.00610400010580664,0.033,-0.194479994183643,0.223,1015,956,1434,1473
50.47,-0.00610400010580664,0.006,-0.0915199972628907,0.225,998,981,1460,1498
50.59,-0.0122080002116133,0,-0.0400399988025147,0.222,984,1001,1485,1485
50.71,-0.0183120003174199,0.003,-0.140139995808801,0.218,959,1018,1504,1466
50.83,-0.0183120003174199,-0.006,-0.440439986827662,0.217,984,1043,1519,1446
50.95,-0.0244160004232266,-0.035,-0.692119979300611,0.22,1008,1072,1547,1477
51.07,-0.0335720005819365,-0.043,-0.789359976392432,0.224,990,1049,1529,1495
51.19,-0.0335720005819365,-0.007,-0.740739977846522,0.229,1007,1024,1512,1512
51.31,-0.0335720005819365,0.025,-0.740739977846522,0.234,1024,1007,1492,1526
51.43,-0.0396760006877432,0.022,-0.740739977846522,0.237,1007,990,1474,1544
51.55,-0.0473060008200015,-0.014,-0.6434999807547,0.237,987,962,1450,1523
51.67,-0.0473060008200015,-0.05,-0.537679983919483,0.235,951,930,1418,1497
51.79,-0.0534100009258081,-0.054,-0.589159982379859,0.233,926,901,1389,1472
51.91,-0.0534100009258081,-0.029,-0.692119979300611,0.232,948,878,1377,1459
51.77,-0.0625660010845181,-0.006,-0.892319973313184,0.231,932,907,1398,1441
51.89,-0.0625660010845181,-0.006,-0.940939971859095,0.23,957,936,1422,1422
52.01,-0.0625660010845181,-0.022,-0.840839974852808,0.228,981,956,1434,1391
52.13,-0.0625660010845181,-0.027,-0.589159982379859,0.226,981,981,1455,1373
52.14,-0.0625660010845181,-0.006,-0.440439986827662,0.223,956,1000,1476,1395
52.26,-0.0625660010845181,-0.001,-0.440439986827662,0.222,936,1015,1501,1424
52.12,-0.0625660010845181,-0.006,-0.537679983919483,0.221,905,994,1513,1440
52.24,-0.0625660010845181,-0.004,-0.589159982379859,0.222,930,975,1534,1464
52.36,-0.0625660010845181,-0.013,-0.6434999807547,0.221,950,950,1516,1482
52.48,-0.0625660010845181,-0.019,-0.6434999807547,0.22,930,930,1505,1505
52.51,-0.0625660010845181,-0.025,-0.6434999807547,0.219,951,905,1482,1516
52.37,-0.0625660010845181,-0.033,-0.589159982379859,0.219,975,930,1461,1533
52.49,-0.0534100009258081,-0.028,-0.537679983919483,0.221,996,952,1481,1554
52.61,-0.0534100009258081,-0.011,-0.440439986827662,0.225,977,977,1496,1534
52.72,-0.0534100009258081,0,-0.340339989821375,0.227,942,986,1462,1496
52.83,-0.0534100009258081,-0.011,-0.291719991275464,0.225,913,958,1431,1469
52.95,-0.0534100009258081,-0.029,-0.140139995808801,0.221,933,933,1408,1449
53.07,-0.0534100009258081,-0.027,-0.0400399988025147,0.218,958,913,1382,1423
53.12,-0.0473060008200015,-0.013,0.008579999743396,0.216,971,927,1389,1389
52.98,-0.0473060008200015,-0.011,0.060059998203772,0.217,952,952,1415,1415
53.1,-0.0396760006877432,-0.001,0.108679996749683,0.219,972,972,1434,1434
53.22,-0.0396760006877432,0.009,0.060059998203772,0.22,948,982,1448,1448
53.34,-0.0335720005819365,-0.002,0.008579999743396,0.22,923,1007,1465,1431
53.46,-0.0335720005819365,-0.017,-0.0915199972628907,0.217,942,976,1442,1404
53.57,-0.0244160004232266,-0.015,-0.140139995808801,0.213,914,958,1420,1381
53.61,-0.0244160004232266,0.002,-0.243099992729553,0.212,891,936,1398,1398
53.47,-0.0183120003174199,0.034,-0.391819988281751,0.212,911,911,1422,1420
53.58,-0.0183120003174199,0.037,-0.489059985373572,0.213,888,888,1442,1440
53.69,-0.0183120003174199,0.003,-0.537679983919483,0.214,911,911,1420,1420
53.8,-0.0183120003174199,-0.015,-0.489059985373572,0.213,936,891,1439,1401
53.91,-0.0183120003174199,-0.009,-0.440439986827662,0.211,952,863,1417,1417
54.02,-0.0183120003174199,-0.011,-0.440439986827662,0.209,933,888,1395,1395
53.88,-0.0122080002116133,-0.02,-0.391819988281751,0.207,908,908,1368,1409
53.99,-0.0122080002116133,-0.015,-0.291719991275464,0.205,933,933,1343,1382
54.1,0,-0.003,-0.140139995808801,0.204,908,952,1359,1359
54.21,0.00610400010580664,0.002,0.060059998203772,0.201,882,946,1379,1340
54.32,0.0213640003703232,0.003,0.208779993755969,0.198,900,925,1392,1353
54.43,0.0274680004761299,0.003,0.360359989222632,0.196,925,900,1414,1376
54.54,0.0335720005819365,0.014,0.411839987683008,0.197,941,877,1429,1395
54.65,0.0503580008729048,0.025,0.411839987683008,0.197,912,887,1401,1399
54.77,0.0564620009787114,0.04,0.411839987683008,0.196,887,912,1381,1379
54.89,0.0625660010845181,0.053,0.411839987683008,0.194,861,906,1355,1353
55.01,0.071722001243228,0.053,0.360359989222632,0.193,824,870,1319,1317
54.87,0.0778260013490347,0.043,0.360359989222632,0.193,849,849,1297,1295
54.99,0.0778260013490347,0.029,0.411839987683008,0.194,870,849,1319,1317
54.85,0.0839300014548413,0.029,0.411839987683008,0.196,900,875,1345,1343
54.97,0.0915600015870996,0.032,0.311739990676721,0.199,920,903,1367,1365
55.09,0.0915600015870996,0.02,0.108679996749683,0.202,934,917,1376,1376
55.2,0.0915600015870996,0.006,0.060059998203772,0.204,956,897,1393,1393
55.31,0.10071600174581,0.001,0.160159995210059,0.202,931,897,1373,1373
55.42,0.10071600174581,0.003,0.25739999230188,0.197,913,869,1353,1353
55.42,0.10071600174581,0.002,0.311739990676721,0.194,884,884,1318,1356
55.53,0.10071600174581,0,0.311739990676721,0.193,859,903,1298,1371
55.64,0.10071600174581,-0.006,0.311739990676721,0.193,833,878,1273,1350
55.75,0.10071600174581,-0.006,0.360359989222632,0.192,797,843,1233,1314
55.84,0.10071600174581,0.001,0.411839987683008,0.19,822,843,1259,1298
55.7,0.10071600174581,-0.002,0.411839987683008,0.187,839,864,1259,1259
55.56,0.10071600174581,-0.003,0.411839987683008,0.188,861,878,1270,1231
55.67,0.10071600174581,0.015,0.460459986228919,0.191,878,861,1292,1253
55.78,0.0915600015870996,0.039,0.460459986228919,0.192,889,855,1306,1266
55.89,0.0839300014548413,0.064,0.460459986228919,0.19,868,868,1315,1240
55.99,0.0778260013490347,0.069,0.460459986228919,0.186,848,848,1297,1218
56.1,0.0778260013490347,0.044,0.360359989222632,0.183,823,867,1278,1237
56.1,0.0778260013490347,0.028,0.311739990676721,0.183,794,839,1297,1257
56.21,0.0778260013490347,0.033,0.208779993755969,0.187,814,814,1315,1279
56.32,0.0778260013490347,0.037,0.108679996749683,0.192,836,791,1293,1291
56.43,0.071722001243228,0.027,0.060059998203772,0.195,852,763,1268,1302
56.54,0.071722001243228,0.013,0.060059998203772,0.196,833,788,1246,1284
56.6,0.071722001243228,0,0.160159995210059,0.193,802,802,1217,1256
56.68,0.071722001243228,-0.003,0.360359989222632,0.189,777,822,1182,1259
56.54,0.071722001243228,0.002,0.460459986228919,0.184,800,844,1153,1234
56.65,0.071722001243228,0.002,0.55769998332074,0.181,828,862,1134,1253
56.76,0.071722001243228,-0.008,0.657799980327027,0.178,832,832,1138,1221
56.87,0.0625660010845181,-0.025,0.760759977247779,0.176,812,812,1164,1205
56.73,0.0625660010845181,-0.023,0.80937997579369,0.173,784,784,1180,1182
56.84,0.0564620009787114,0.011,0.760759977247779,0.171,809,809,1203,1201
56.92,0.0503580008729048,0.034,0.606319981866651,0.17,784,828,1225,1223
56.96,0.0396760006877432,0.02,0.50907998477483,0.168,800,800,1236,1234
56.82,0.0396760006877432,-0.002,0.460459986228919,0.166,803,759,1231,1231
56.82,0.0335720005819365,0.001,0.460459986228919,0.166,818,739,1251,1251
56.92,0.0335720005819365,0.029,0.360359989222632,0.167,797,708,1269,1228
56.98,0.0274680004761299,0.058,0.160159995210059,0.166,804,725,1229,1189
57.07,0.0213640003703232,0.062,-0.0400399988025147,0.161,789,745,1207,1171
57.16,0.0122080002116133,0.04,-0.0915199972628907,0.156,767,767,1183,1143
57.25,0.0122080002116133,0.027,0.008579999743396,0.153,742,786,1161,1120
57.34,0.00610400010580664,0.024,0.108679996749683,0.153,722,801,1142,1140
57.43,-0.00610400010580664,0.001,0.160159995210059,0.155,697,786,1120,1120
57.52,-0.00610400010580664,-0.018,0.160159995210059,0.158,728,807,1101,1103
57.38,-0.0183120003174199,-0.017,0.108679996749683,0.158,751,835,1123,1125
57.47,-0.0244160004232266,-0.018,0.060059998203772,0.159,779,858,1149,1151
57.56,-0.0335720005819365,-0.008,0.108679996749683,0.16,788,832,1162,1164
57.59,-0.0335720005819365,0.029,0.160159995210059,0.158,807,807,1184,1182
57.66,-0.0335720005819365,0.048,0.25739999230188,0.157,832,788,1204,1202
57.75,-0.0335720005819365,0.037,0.25739999230188,0.157,798,764,1176,1212
57.84,-0.0396760006877432,0.022,0.25739999230188,0.156,780,736,1195,1193
57.84,-0.0396760006877432,0.001,0.25739999230188,0.155,758,713,1175,1175
57.89,-0.0396760006877432,-0.018,0.208779993755969,0.156,727,727,1137,1139
57.89,-0.0396760006877432,-0.033,0.160159995210059,0.156,707,752,1115,1117
57.97,-0.0396760006877432,-0.037,0.208779993755969,0.153,679,768,1089,1091
57.83,-0.0396760006877432,0.002,0.208779993755969,0.147,694,773,1052,1052
57.69,-0.0396760006877432,0.08,-0.0400399988025147,0.142,714,758,1074,1072
57.55,-0.0396760006877432,0.092,-0.340339989821375,0.144,739,739,1097,1095
57.65,-0.0396760006877432,0.011,-0.537679983919483,0.149,749,705,1112,1110
57.75,-0.0396760006877432,-0.059,-0.489059985373572,0.15,764,685,1130,1132
57.85,-0.0396760006877432,-0.046,-0.440439986827662,0.142,767,708,1147,1115
57.95,-0.0396760006877432,-0.001,-0.489059985373572,0.131,787,728,1149,1079
58.02,-0.0396760006877432,0.034,-0.537679983919483,0.127,762,745,1131,1095
57.88,-0.0396760006877432,0.046,-0.537679983919483,0.132,745,728,1114,1112
57.98,-0.0396760006877432,0.029,-0.440439986827662,0.143,716,691,1090,1122
58.08,-0.0396760006877432,0.012,-0.291719991275464,0.15,686,665,1070,1140
58.18,-0.0396760006877432,0.013,-0.194479994183643,0.149,712,687,1081,1113
58.27,-0.0396760006877432,0.008,-0.194479994183643,0.141,720,703,1084,1084
58.36,-0.0396760006877432,0.002,-0.291719991275464,0.135,703,720,1064,1064
58.45,-0.0396760006877432,0.003,-0.340339989821375,0.134,678,737,1042,1080
58.54,-0.0396760006877432,0.002,-0.340339989821375,0.137,655,759,1013,1086
58.4,-0.0396760006877432,-0.001,-0.340339989821375,0.139,675,734,1033,1071
58.49,-0.0335720005819365,0.001,-0.291719991275464,0.139,690,749,1045,1045
58.58,-0.0335720005819365,0.014,-0.243099992729553,0.134,648,707,1038,1000
58.67,-0.0335720005819365,0.015,-0.243099992729553,0.129,673,690,1013,974
58.75,-0.0244160004232266,-0.012,-0.243099992729553,0.124,684,667,1028,990
58.61,-0.0244160004232266,-0.037,-0.194479994183643,0.122,698,639,1038,1006
58.7,-0.0244160004232266,-0.029,-0.0915199972628907,0.121,723,664,1060,1024
58.73,-0.0244160004232266,-0.008,0.008579999743396,0.119,685,626,1027,1027
58.8,-0.0244160004232266,0.004,0.008579999743396,0.116,676,597,998,1036
58.88,-0.0244160004232266,-0.007,-0.0400399988025147,0.112,661,617,980,1014
58.96,-0.0244160004232266,-0.028,0.008579999743396,0.11,633,633,948,986
58.97,-0.0244160004232266,-0.023,0.060059998203772,0.108,594,594,903,942
59,-0.0244160004232266,-0.011,0.108679996749683,0.106,574,619,923,923
58.86,-0.0244160004232266,-0.006,0.108679996749683,0.103,594,638,936,897
58.94,-0.0244160004232266,0,0.060059998203772,0.102,609,643,944,906
59,-0.0244160004232266,0.001,-0.0400399988025147,0.101,584,668,962,928
58.86,-0.0244160004232266,0.009,-0.0400399988025147,0.1,609,688,939,922
58.94,-0.0244160004232266,0.019,0.008579999743396,0.1,624,668,915,932
59.02,-0.0244160004232266,0.013,0.060059998203772,0.101,643,643,897,949
59.03,-0.0244160004232266,0.004,0.060059998203772,0.1,659,615,890,928
59.11,-0.0244160004232266,-0.009,0.108679996749683,0.098,672,593,894,928
59.19,-0.0244160004232266,-0.02,0.108679996749683,0.095,643,559,911,911
59.05,-0.0244160004232266,-0.011,0.060059998203772,0.092,612,533,918,884
59.13,-0.0244160004232266,-0.004,0.060059998203772,0.091,586,542,887,887
59.2,-0.0244160004232266,-0.006,0.060059998203772,0.091,567,567,867,867
59.27,-0.0244160004232266,-0.015,0.060059998203772,0.09,539,539,848,886
59.34,-0.0244160004232266,-0.02,0.060059998203772,0.09,510,555,806,845
59.38,-0.0244160004232266,-0.018,0.008579999743396,0.091,530,530,826,826
59.45,-0.0244160004232266,-0.019,0.060059998203772,0.091,558,558,848,848
59.31,-0.0244160004232266,-0.018,0.060059998203772,0.09,568,568,859,859
59.38,-0.0244160004232266,-0.011,0.060059998203772,0.09,588,588,873,839
59.45,-0.0244160004232266,-0.006,0.108679996749683,0.09,565,565,849,811
59.52,-0.0244160004232266,-0.004,0.160159995210059,0.089,494,494,755,755
59.59,-0.0244160004232266,-0.004,0.25739999230188,0.087,469,513,733,733
59.45,-0.0244160004232266,-0.001,0.25739999230188,0.086,446,491,752,752
59.53,-0.0244160004232266,0.003,0.208779993755969,0.086,387,431,611,649
59.6,-0.0335720005819365,0,0.208779993755969,0.087,361,406,633,667
59.67,-0.0335720005819365,-0.002,0.208779993755969,0.089,381,381,650,667
59.74,-0.0335720005819365,-0.004,0.160159995210059,0.09,397,397,646,629
59.6,-0.0335720005819365,0,0.160159995210059,0.089,417,417,664,612
59.67,-0.0335720005819365,0.024,0.108679996749683,0.087,434,434,640,623
59.74,-0.0335720005819365,0.028,0.108679996749683,0.085,452,408,620,637
59.81,-0.0335720005819365,0.007,0.108679996749683,0.081,421,387,597,614
59.88,-0.0335720005819365,-0.002,0.160159995210059,0.078,404,387,572,591
59.9,-0.0335720005819365,-0.007,0.160159995210059,0.075,381,398,578,559
59.76,-0.0335720005819365,-0.007,0.108679996749683,0.075,353,378,594,536
59.83,-0.0335720005819365,-0.004,0.008579999743396,0.077,381,398,578,559
59.9,-0.0244160004232266,-0.004,-0.0400399988025147,0.078,393,376,554,573
59.76,-0.0244160004232266,-0.002,-0.0915199972628907,0.079,410,393,576,593
59.83,-0.0244160004232266,0,-0.0400399988025147,0.079,435,410,587,604
59.9,-0.0244160004232266,0.007,0.060059998203772,0.078,401,384,598,581
59.97,-0.0244160004232266,0.012,0.160159995210059,0.078,384,367,617,598
59.83,-0.0244160004232266,0.003,0.108679996749683,0.075,358,333,592,611
59.9,-0.0244160004232266,-0.003,0.108679996749683,0.073,371,327,565,582
59.97,-0.0244160004232266,-0.009,0.108679996749683,0.071,352,352,542,559
60.04,-0.0244160004232266,-0.012,0.108679996749683,0.072,320,364,517,536
60.11,-0.0244160004232266,0.011,0.060059998203772,0.073,339,339,525,506
60.18,-0.0244160004232266,0.024,-0.0400399988025147,0.073,314,358,500,480
60.25,-0.0244160004232266,0.008,-0.140139995808801,0.072,330,330,461,442
60.31,-0.0244160004232266,0.001,-0.194479994183643,0.073,350,350,442,461
60.17,-0.0244160004232266,0.002,-0.194479994183643,0.075,367,333,464,484
60.23,-0.0244160004232266,0.007,-0.194479994183643,0.076,390,346,484,503
60.09,-0.0244160004232266,0.014,-0.194479994183643,0.077,356,356,487,504
60.15,-0.0244160004232266,0.011,-0.194479994183643,0.078,333,377,501,518
60.21,-0.0244160004232266,0.006,-0.243099992729553,0.079,306,340,517,536
60.27,-0.0244160004232266,0.004,-0.243099992729553,0.078,278,322,532,532
60.33,-0.0244160004232266,-0.003,-0.243099992729553,0.077,252,297,507,507
60.39,-0.0244160004232266,-0.015,-0.243099992729553,0.077,269,269,481,481
60.45,-0.0244160004232266,-0.023,-0.243099992729553,0.077,297,297,461,461
60.31,-0.0244160004232266,-0.027,-0.291719991275464,0.078,317,317,474,436
60.37,-0.0244160004232266,-0.027,-0.291719991275464,0.079,327,327,442,442
60.43,-0.0244160004232266,-0.023,-0.243099992729553,0.079,301,301,414,414
60.49,-0.0244160004232266,-0.017,-0.140139995808801,0.078,281,281,430,391
60.55,-0.0244160004232266,-0.001,-0.140139995808801,0.075,297,297,446,408
60.41,-0.0244160004232266,0.014,-0.194479994183643,0.072,287,287,479,445
60.47,-0.0244160004232266,0.013,-0.240239992815088,0.071,304,304,498,460
60.52,-0.0244160004232266,-0.003,-0.240239992815088,0.07,318,284,476,476
60.38,-0.0244160004232266,-0.023,-0.191619994269177,0.07,335,291,505,543
60.44,-0.0244160004232266,-0.043,-0.0886599973484254,0.07,349,315,481,515
60.5,-0.0244160004232266,-0.046,-0.0371799988880493,0.07,329,329,463,533
60.55,-0.0244160004232266,-0.032,-0.0371799988880493,0.069,312,346,438,511
60.61,-0.0244160004232266,-0.019,-0.137279995894336,0.07,278,322,455,525
60.67,-0.0244160004232266,-0.018,-0.240239992815088,0.07,303,337,470,504
60.53,-0.0244160004232266,-0.023,-0.240239992815088,0.069,307,307,468,468
60.59,-0.0183120003174199,-0.028,-0.191619994269177,0.067,327,327,479,445
60.59,-0.0183120003174199,-0.011,-0.0886599973484254,0.065,307,307,497,427
60.65,-0.0183120003174199,0.008,-0.0371799988880493,0.064,273,273,504,431
60.7,-0.0183120003174199,0.002,0.0114399996578613,0.065,276,293,481,443
60.56,-0.0183120003174199,-0.018,0.111539996664148,0.065,290,307,456,456
60.62,-0.0183120003174199,-0.034,0.260259992216345,0.064,288,313,407,424
60.63,-0.0183120003174199,-0.039,0.363219989137097,0.06,268,285,387,404
60.69,-0.0183120003174199,-0.033,0.363219989137097,0.054,251,268,404,421
60.72,-0.0122080002116133,-0.028,0.211639993670435,0.047,250,233,367,384
60.78,-0.0122080002116133,-0.023,0.0629199981182374,0.041,250,250,343,395
60.81,-0.0122080002116133,-0.008,0.0114399996578613,0.037,230,230,361,378
60.84,-0.0122080002116133,-0.001,0.0629199981182374,0.033,191,235,311,330
60.7,-0.0122080002116133,-0.006,0.160159995210059,0.03,212,212,330,311
60.75,-0.0122080002116133,-0.008,0.160159995210059,0.027,187,231,349,291
60.8,-0.00610400010580664,-0.001,0.208779993755969,0.025,206,240,353,301
60.85,-0.00610400010580664,0.008,0.160159995210059,0.024,178,222,371,319
60.9,-0.00610400010580664,0.009,0.160159995210059,0.022,200,200,353,336
60.95,-0.00610400010580664,0.012,0.160159995210059,0.02,210,166,320,337
60.95,-0.00610400010580664,0.018,0.25739999230188,0.018,225,146,303,355
60.81,0,0.018,0.360359989222632,0.017,249,165,282,373
60.85,0,0.017,0.360359989222632,0.018,215,181,284,336
60.71,0,0.002,0.208779993755969,0.019,243,199,301,318
60.57,0,-0.013,0.008579999743396,0.02,213,213,276,293
60.62,0.00610400010580664,-0.02,-0.0915199972628907,0.021,238,238,248,286
60.67,0.00610400010580664,-0.006,-0.140139995808801,0.021,240,261,267,267
60.72,0.0122080002116133,0.007,-0.0400399988025147,0.019,210,280,278,278
60.74,0.0122080002116133,0.011,0.060059998203772,0.017,182,246,292,258
60.79,0.0122080002116133,0.011,0.060059998203772,0.014,201,226,310,240
60.79,0.0122080002116133,0.007,0.008579999743396,0.011,178,195,279,206
60.65,0.0122080002116133,0.013,-0.0400399988025147,0.008,189,172,261,223
60.7,0.0122080002116133,0.027,0.008579999743396,0.007,214,155,279,245
60.56,0.0122080002116133,0.028,0.108679996749683,0.007,185,126,259,259
60.61,0.0122080002116133,0.025,0.208779993755969,0.005,207,148,270,270
60.66,0.0122080002116133,0.039,0.208779993755969,0.004,182,123,251,289
60.52,0.0213640003703232,0.034,0.060059998203772,0.003,170,91,228,301
60.57,0.0213640003703232,-0.008,-0.0915199972628907,0.002,155,111,243,320
60.61,0.0213640003703232,-0.043,-0.140139995808801,0,136,136,225,298
60.66,0.0213640003703232,-0.033,-0.140139995808801,0,172,172,266,304
60.71,0.0274680004761299,0,-0.140139995808801,-0.001,148,182,236,270
60.57,0.0274680004761299,0.028,-0.0915199972628907,-0.001,148,165,253,253
60.62,0.0274680004761299,0.041,-0.0400399988025147,0,142,201,295,261
60.67,0.0274680004761299,0.027,0.060059998203772,0.002,155,172,264,226
60.72,0.0335720005819365,0.02,0.160159995210059,0.005,172,155,264,206
60.77,0.0335720005819365,0.013,0.311739990676721,0.004,158,133,282,190
60.63,0.0335720005819365,0,0.360359989222632,0.002,168,151,294,203
60.68,0.0335720005819365,0,0.411839987683008,0.001,151,168,315,224
60.73,0.0335720005819365,-0.004,0.411839987683008,0.002,172,172,300,248
60.78,0.0335720005819365,0.002,0.411839987683008,0.004,185,185,267,250
60.79,0.0335720005819365,0.019,0.25739999230188,0.006,166,210,250,267
60.65,0.0335720005819365,0.027,0.108679996749683,0.006,182,182,225,277
60.7,0.0335720005819365,0.029,0.060059998203772,0.005,153,153,237,295
60.75,0.0335720005819365,0.024,0.108679996749683,0.003,133,133,219,271
60.8,0.0335720005819365,0.019,0.108679996749683,0.002,150,133,191,243
60.85,0.0335720005819365,0.012,0.108679996749683,0.001,122,97,206,223
60.71,0.0335720005819365,-0.006,0.160159995210059,0.003,142,125,181,200
60.73,0.0335720005819365,-0.008,0.208779993755969,0.005,159,142,200,181
60.76,0.0335720005819365,0.009,0.208779993755969,0.006,136,153,204,187
60.81,0.0335720005819365,0.032,0.160159995210059,0.005,156,181,221,204
60.86,0.0335720005819365,0.037,0.108679996749683,0.005,126,143,232,213
60.72,0.0396760006877432,0.014,0.060059998203772,0.004,140,123,204,223
60.77,0.0396760006877432,-0.011,0.160159995210059,0.002,165,106,223,204
60.63,0.0503580008729048,-0.019,0.208779993755969,0,131,72,195,178
60.68,0.0503580008729048,-0.013,0.25739999230188,0.001,107,90,200,148
60.72,0.0503580008729048,-0.003,0.25739999230188,0.002,107,107,182,165
60.76,0.0503580008729048,0.008,0.311739990676721,0.003,101,84,156,156
60.62,0.0564620009787114,0.019,0.411839987683008,0.003,81,98,130,130
60.66,0.0564620009787114,0.025,0.460459986228919,0.001,98,81,111,149
60.52,0.0564620009787114,0.019,0.460459986228919,0,80,97,130,130
60.56,0.0564620009787114,0.001,0.460459986228919,-0.003,51,110,144,106
60.6,0.0564620009787114,0.001,0.460459986228919,-0.006,76,135,162,128
60.64,0.0564620009787114,0.02,0.411839987683008,-0.007,94,158,181,143
60.5,0.0564620009787114,0.022,0.360359989222632,-0.006,113,138,162,162
60.54,0.0564620009787114,0.008,0.411839987683008,-0.005,138,113,143,181
60.58,0.0564620009787114,0.012,0.50907998477483,-0.004,110,93,162,201
60.61,0.0564620009787114,0.025,0.606319981866651,-0.004,87,70,137,175
60.65,0.0564620009787114,0.022,0.50907998477483,-0.005,70,87,119,153
60.69,0.0564620009787114,0.006,0.411839987683008,-0.007,42,67,136,136
60.55,0.0564620009787114,-0.011,0.360359989222632,-0.008,19,83,109,109
60.59,0.0564620009787114,-0.02,0.411839987683008,-0.008,39,64,94,94
60.63,0.0564620009787114,-0.014,0.460459986228919,-0.006,67,84,109,109
60.67,0.0564620009787114,-0.014,0.411839987683008,-0.004,81,98,123,123
60.71,0.0564620009787114,-0.004,0.311739990676721,-0.005,98,81,143,143
60.75,0.0564620009787114,0.015,0.160159995210059,-0.005,126,82,162,124
60.61,0.0564620009787114,0.013,0.060059998203772,-0.005,140,61,134,117
60.65,0.0564620009787114,0,0.160159995210059,-0.005,140,76,117,100
60.51,0.0564620009787114,-0.006,0.311739990676721,-0.005,117,92,97,114
60.55,0.0564620009787114,0.001,0.411839987683008,-0.004,92,117,76,128
60.59,0.0564620009787114,0.008,0.360359989222632,-0.005,72,89,94,146
60.6,0.0564620009787114,0.004,0.311739990676721,-0.005,55,72,111,128
60.64,0.0564620009787114,0.004,0.311739990676721,-0.005,23,48,90,142
60.5,0.0564620009787114,-0.007,0.25739999230188,-0.005,-3,18,107,124
60.54,0.0564620009787114,-0.018,0.108679996749683,-0.008,23,48,127,146
60.58,0.0564620009787114,-0.003,0.008579999743396,-0.011,45,20,98,115
60.44,0.0625660010845181,-0.001,-0.0400399988025147,-0.014,65,48,81,98
60.48,0.0625660010845181,-0.006,-0.0400399988025147,-0.016,76,59,97,80
60.52,0.0625660010845181,-0.009,0.008579999743396,-0.016,101,76,67,48
60.56,0.0625660010845181,-0.024,0.160159995210059,-0.014,76,101,86,28
60.6,0.0625660010845181,-0.03,0.311739990676721,-0.012,53,70,101,49
60.63,0.0625660010845181,-0.018,0.411839987683008,-0.011,30,89,116,64
60.67,0.0625660010845181,0.002,0.50907998477483,-0.011,5,64,98,81
60.71,0.0625660010845181,0.007,0.50907998477483,-0.013,30,47,75,92
60.73,0.0625660010845181,-0.014,0.460459986228919,-0.016,45,28,55,107
60.59,0.0625660010845181,-0.03,0.411839987683008,-0.017,25,0,55,89
60.63,0.071722001243228,-0.023,0.360359989222632,-0.017,42,25,68,68
60.67,0.071722001243228,-0.007,0.311739990676721,-0.016,25,42,65,48
60.71,0.071722001243228,0.003,0.311739990676721,-0.016,42,59,45,26
60.72,0.071722001243228,0.003,0.311739990676721,-0.016,22,39,17,36
60.58,0.071722001243228,-0.007,0.360359989222632,-0.016,32,32,39,56
60.6,0.071722001243228,-0.019,0.460459986228919,-0.018,49,15,56,39
60.64,0.071722001243228,-0.017,0.50907998477483,-0.021,32,32,73,56
60.68,0.071722001243228,-0.007,0.50907998477483,-0.023,12,12,82,30
60.68,0.071722001243228,-0.003,0.411839987683008,-0.024,32,32,64,47
60.72,0.071722001243228,-0.004,0.360359989222632,-0.026,52,52,47,64
60.58,0.071722001243228,-0.009,0.460459986228919,-0.027,32,32,30,47
60.62,0.0778260013490347,-0.007,0.50907998477483,-0.027,52,52,47,64
60.64,0.0778260013490347,-0.004,0.606319981866651,-0.027,52,77,30,82
60.5,0.0778260013490347,-0.008,0.606319981866651,-0.026,29,46,47,64
60.54,0.0778260013490347,-0.006,0.606319981866651,-0.027,12,71,30,47
60.4,0.0778260013490347,-0.001,0.50907998477483,-0.028,29,46,8,27
60.44,0.0778260013490347,-0.002,0.411839987683008,-0.029,49,49,27,8
60.48,0.0778260013490347,-0.004,0.411839987683008,-0.03,29,29,47,30
60.34,0.0778260013490347,-0.002,0.460459986228919,-0.031,9,9,62,45
60.38,0.0778260013490347,-0.004,0.50907998477483,-0.032,29,29,84,65
60.42,0.0778260013490347,-0.009,0.55769998332074,-0.031,9,9,110,90
60.28,0.0778260013490347,-0.015,0.55769998332074,-0.03,28,-16,84,65
60.14,0.0778260013490347,-0.015,0.50907998477483,-0.029,43,9,59,42
60,0.0778260013490347,-0.006,0.411839987683008,-0.029,71,27,42,59
60.04,0.0778260013490347,-0.003,0.311739990676721,-0.026,88,43,22,74
60.08,0.0778260013490347,-0.006,0.360359989222632,-0.024,65,21,4,95
60.12,0.0778260013490347,-0.001,0.411839987683008,-0.024,40,40,-17,74
60.16,0.0778260013490347,0.008,0.460459986228919,-0.025,27,71,7,59
60.02,0.0778260013490347,0.006,0.50907998477483,-0.027,3,37,22,39
60.06,0.0778260013490347,0,0.50907998477483,-0.028,-22,62,39,22
59.92,0.0778260013490347,0.003,0.50907998477483,-0.026,-3,31,46,29
59.96,0.0778260013490347,0.012,0.55769998332074,-0.025,15,59,55,3
60,0.0778260013490347,0.023,0.50907998477483,-0.025,34,34,37,20
60.04,0.0778260013490347,0.023,0.360359989222632,-0.025,14,14,26,43
59.9,0.0778260013490347,0.009,0.208779993755969,-0.027,31,-3,3,55
59.94,0.0778260013490347,-0.003,0.105819996835217,-0.029,56,-28,21,79
59.8,0.0778260013490347,-0.003,0.0571999982893067,-0.029,18,-16,5,43
59.84,0.0778260013490347,0.004,0.0571999982893067,-0.028,43,-1,18,18
59.87,0.0778260013490347,-0.008,0.0571999982893067,-0.027,18,18,37,-1
59.9,0.0839300014548413,-0.022,0.105819996835217,-0.027,1,1,66,27
59.93,0.0839300014548413,-0.003,0.254539992387415,-0.025,-23,-23,40,40
59.93,0.0915600015870996,0.025,0.408979987768543,-0.024,-48,-23,18,18
59.96,0.10071600174581,0.043,0.460459986228919,-0.025,-19,-2,-2,-2
59.98,0.10071600174581,0.043,0.411839987683008,-0.026,-45,14,-24,-24
60.04,0.10071600174581,0.019,0.311739990676721,-0.026,-65,39,-46,-46
60.11,0.10071600174581,0.003,0.311739990676721,-0.026,-45,39,-23,-23
60.05,0.106820001851616,-0.001,0.311739990676721,-0.026,-20,14,-4,-4
60.12,0.106820001851616,-0.003,0.360359989222632,-0.025,-3,-3,16,16
60.19,0.106820001851616,0.013,0.411839987683008,-0.024,14,-20,36,-2
60.26,0.106820001851616,0.025,0.460459986228919,-0.026,39,-45,17,17
60.24,0.106820001851616,0.022,0.460459986228919,-0.027,14,-20,-3,14
60.31,0.106820001851616,0.013,0.50907998477483,-0.027,39,-45,-21,-4
60.35,0.106820001851616,-0.002,0.460459986228919,-0.028,14,-20,-43,-24
60.21,0.106820001851616,-0.012,0.411839987683008,-0.028,-4,-48,-24,-43
60.13,0.106820001851616,-0.011,0.360359989222632,-0.03,14,-20,-3,-20
60.15,0.106820001851616,-0.001,0.360359989222632,-0.03,-3,-3,13,-4
60.2,0.106820001851616,0.024,0.360359989222632,-0.029,17,17,31,-21
60.21,0.106820001851616,0.045,0.411839987683008,-0.027,44,44,13,-4
60.14,0.106820001851616,0.045,0.55769998332074,-0.026,17,17,31,-21
60.21,0.106820001851616,0.04,0.657799980327027,-0.026,-3,-3,13,-4
60.07,0.106820001851616,0.034,0.760759977247779,-0.026,-23,-23,-4,13
60.14,0.106820001851616,0.032,0.760759977247779,-0.026,-4,-4,16,35
60.16,0.106820001851616,0.029,0.706419978872938,-0.025,13,-21,-4,13
60.17,0.106820001851616,0.034,0.606319981866651,-0.023,41,-3,-21,-4
60.19,0.106820001851616,0.053,0.55769998332074,-0.021,61,-18,-4,-21
60.14,0.106820001851616,0.049,0.460459986228919,-0.022,41,-3,-21,-4
60.16,0.106820001851616,0.033,0.360359989222632,-0.025,16,16,-39,13
60.22,0.106820001851616,0.029,0.311739990676721,-0.026,-4,-4,-27,25
60.08,0.112924001957423,0.024,0.311739990676721,-0.026,-21,13,-10,7
60.04,0.112924001957423,0.023,0.360359989222632,-0.027,-3,41,7,-10
59.92,0.112924001957423,0.03,0.360359989222632,-0.028,19,64,25,-27
59.99,0.112924001957423,0.027,0.411839987683008,-0.027,46,92,46,-45
59.91,0.112924001957423,0.014,0.55769998332074,-0.026,64,64,25,-66
59.91,0.112924001957423,0.007,0.657799980327027,-0.026,41,41,46,-45
59.95,0.112924001957423,0,0.606319981866651,-0.024,13,13,25,-27
60.02,0.112924001957423,0.008,0.460459986228919,-0.022,-7,-7,7,-10
59.94,0.112924001957423,0.011,0.360359989222632,-0.022,-30,-30,-17,0
59.96,0.112924001957423,0.006,0.411839987683008,-0.022,-58,-58,-34,18
59.94,0.112924001957423,0.025,0.460459986228919,-0.021,-78,-33,-55,-3
59.95,0.103768001798713,0.044,0.411839987683008,-0.019,-55,-11,-73,18
60.02,0.103768001798713,0.046,0.360359989222632,-0.018,-30,-30,-52,0
60.09,0.0976640016929063,0.04,0.311739990676721,-0.017,-10,-10,-73,18
59.99,0.0976640016929063,0.035,0.311739990676721,-0.018,-27,7,-52,0
59.99,0.0976640016929063,0.044,0.360359989222632,-0.018,-9,35,-34,-17
59.9,0.0976640016929063,0.049,0.360359989222632,-0.018,-24,10,-10,-27
59.81,0.0976640016929063,0.03,0.360359989222632,-0.019,-7,-7,7,-10
59.88,0.0976640016929063,0.002,0.311739990676721,-0.019,10,-24,29,10
59.95,0.0976640016929063,-0.017,0.311739990676721,-0.02,42,-2,13,-4
59.81,0.0976640016929063,-0.012,0.25739999230188,-0.019,14,-20,31,-21
59.83,0.0976640016929063,-0.001,0.160159995210059,-0.019,-3,-3,13,-4
59.77,0.103768001798713,-0.006,0.060059998203772,-0.019,17,17,-4,13
59.84,0.103768001798713,-0.017,-0.0400399988025147,-0.018,-2,42,-20,32
59.84,0.103768001798713,-0.02,0.008579999743396,-0.017,20,65,-38,53
59.81,0.103768001798713,0,0.160159995210059,-0.019,45,45,-20,32
59.67,0.103768001798713,0.022,0.411839987683008,-0.021,18,18,-2,15
59.67,0.103768001798713,0.015,0.706419978872938,-0.023,-2,-2,15,-2
59.53,0.103768001798713,0.009,0.8579999743396,-0.026,-23,-23,32,-20
59.64,0.103768001798713,0.009,0.909479972799976,-0.026,-48,-23,14,-38
59.66,0.103768001798713,0.002,0.80937997579369,-0.025,-68,-4,-3,-20
59.7,0.103768001798713,-0.004,0.706419978872938,-0.024,-48,-23,14,-3
59.67,0.103768001798713,-0.001,0.606319981866651,-0.024,-19,-2,-2,15
59.53,0.103768001798713,0.022,0.55769998332074,-0.024,-2,15,18,37
59.57,0.103768001798713,0.045,0.50907998477483,-0.025,17,42,17,17
59.64,0.103768001798713,0.035,0.460459986228919,-0.028,42,17,-3,-3
59.71,0.103768001798713,0.009,0.460459986228919,-0.029,68,47,-23,-23
59.71,0.103768001798713,0.004,0.50907998477483,-0.03,97,72,-45,-45
59.62,0.103768001798713,0.006,0.50907998477483,-0.032,68,47,-22,-22
59.48,0.10987200190452,0,0.50907998477483,-0.032,42,17,-2,-2
59.5,0.10987200190452,-0.001,0.50907998477483,-0.032,13,-4,16,16
59.57,0.10987200190452,0.008,0.50907998477483,-0.033,-3,-20,39,39
59.64,0.11902800206323,0.018,0.50907998477483,-0.035,-23,-48,20,59
59.65,0.11902800206323,0.018,0.460459986228919,-0.037,-48,-23,-2,36
59.54,0.125132002169036,0.001,0.360359989222632,-0.039,-20,-3,-21,13
59.46,0.125132002169036,-0.013,0.360359989222632,-0.039,-3,14,-4,-4
59.46,0.125132002169036,-0.011,0.311739990676721,-0.039,10,35,0,-34
59.53,0.125132002169036,-0.001,0.25739999230188,-0.039,46,67,25,-45
59.51,0.125132002169036,0.008,0.311739990676721,-0.039,67,46,4,-69
59.54,0.125132002169036,0.017,0.360359989222632,-0.04,41,16,-11,-49
59.41,0.125132002169036,0.023,0.460459986228919,-0.041,7,-10,-40,-40
59.39,0.125132002169036,0.02,0.606319981866651,-0.042,35,10,-20,-20
59.35,0.125132002169036,0.007,0.657799980327027,-0.041,-3,-20,-6,-6
59.32,0.125132002169036,0,0.706419978872938,-0.039,-23,-40,7,7
59.36,0.125132002169036,-0.001,0.760759977247779,-0.038,-40,-23,10,30
59.43,0.125132002169036,0,0.706419978872938,-0.039,-23,-6,-9,49
59.5,0.125132002169036,0.004,0.657799980327027,-0.039,-40,19,-34,24
59.36,0.131236002274843,0.006,0.606319981866651,-0.041,-65,-6,-52,0
59.43,0.131236002274843,0.007,0.50907998477483,-0.043,-40,-23,-35,-18
59.29,0.131236002274843,0.011,0.411839987683008,-0.045,-68,-43,-21,-38
59.28,0.131236002274843,0.002,0.411839987683008,-0.044,-43,-68,-35,-52
59.35,0.138866002407101,-0.003,0.411839987683008,-0.043,-24,-88,-18,-70
59.21,0.138866002407101,-0.006,0.460459986228919,-0.041,-9,-113,0,-52
59.22,0.148022002565811,-0.001,0.55769998332074,-0.039,-24,-88,24,-34
59.2,0.148022002565811,0.011,0.606319981866651,-0.038,-6,-65,0,-52
59.26,0.148022002565811,0.017,0.657799980327027,-0.038,-23,-40,-18,-35
59.16,0.154126002671618,0.025,0.657799980327027,-0.039,-40,-23,-35,-52
59.23,0.154126002671618,0.027,0.657799980327027,-0.04,-26,-9,-55,-38
59.11,0.154126002671618,0.015,0.657799980327027,-0.043,-43,16,-73,-21
59.18,0.154126002671618,0.002,0.657799980327027,-0.044,-25,39,-55,-3
59.21,0.154126002671618,-0.008,0.657799980327027,-0.043,-40,64,-37,21
59.19,0.154126002671618,-0.014,0.55769998332074,-0.042,-25,39,-18,1
59.26,0.154126002671618,-0.007,0.460459986228919,-0.041,-6,19,-38,-21
59.28,0.154126002671618,0.006,0.460459986228919,-0.041,25,0,-52,-35
59.16,0.154126002671618,0.011,0.50907998477483,-0.041,45,-19,-26,-43
59.22,0.154126002671618,0.017,0.657799980327027,-0.043,25,0,-9,-61
59.26,0.154126002671618,0.038,0.80937997579369,-0.046,-3,-20,9,-82
59.3,0.154126002671618,0.037,0.909479972799976,-0.048,-32,-49,-31,-83
59.21,0.154126002671618,0.011,0.909479972799976,-0.049,-52,-77,-49,-107
59.07,0.154126002671618,-0.007,0.8579999743396,-0.051,-27,-91,-65,-84
58.93,0.154126002671618,-0.022,0.760759977247779,-0.051,-9,-68,-84,-65
59,0.154126002671618,-0.027,0.706419978872938,-0.049,16,-43,-62,-45
58.96,0.154126002671618,0.003,0.760759977247779,-0.047,-9,-26,-45,-28
59.01,0.154126002671618,0.038,0.80937997579369,-0.046,19,-6,-25,-6
59.05,0.154126002671618,0.038,0.8579999743396,-0.048,-6,19,-44,14
58.97,0.154126002671618,0.029,0.909479972799976,-0.051,24,45,-62,-10
59,0.154126002671618,0.011,0.909479972799976,-0.053,0,70,-44,14
58.89,0.154126002671618,-0.002,0.909479972799976,-0.052,-25,39,-25,-6
58.94,0.154126002671618,-0.001,0.909479972799976,-0.052,-43,16,-6,-25
58.9,0.160230002777424,0.007,0.8579999743396,-0.053,-74,-15,11,-47
58.87,0.160230002777424,0.017,0.80937997579369,-0.051,-49,-32,-13,-65
58.73,0.169386002936134,0.015,0.706419978872938,-0.049,-26,-43,-28,-45
58.79,0.169386002936134,0.003,0.657799980327027,-0.048,-18,-77,-48,-31
58.65,0.169386002936134,-0.006,0.657799980327027,-0.048,7,-52,-65,-13
58.72,0.169386002936134,-0.006,0.760759977247779,-0.049,30,-34,-47,-9
58.63,0.169386002936134,0.004,0.80937997579369,-0.052,10,-15,-28,-28
58.7,0.169386002936134,0.008,0.80937997579369,-0.055,-15,10,-9,-47
58.71,0.175490003041941,-0.001,0.80937997579369,-0.057,-31,33,-28,-28
58.67,0.175490003041941,-0.008,0.80937997579369,-0.057,-52,7,-53,-53
58.53,0.175490003041941,-0.012,0.80937997579369,-0.055,-35,-18,-70,-36
58.6,0.175490003041941,-0.011,0.760759977247779,-0.054,-18,-35,-48,-48
58.67,0.175490003041941,-0.006,0.760759977247779,-0.051,-32,-49,-31,-65
58.65,0.175490003041941,-0.003,0.760759977247779,-0.05,-52,-52,-13,-83
58.6,0.175490003041941,-0.002,0.760759977247779,-0.05,-77,-33,-31,-65
58.47,0.175490003041941,-0.001,0.760759977247779,-0.05,-52,-52,-48,-48
58.37,0.175490003041941,-0.009,0.80937997579369,-0.049,-32,-32,-65,-31
58.35,0.175490003041941,-0.022,0.760759977247779,-0.048,-12,-12,-47,-9
58.42,0.175490003041941,-0.024,0.657799980327027,-0.047,13,13,-28,11
58.49,0.175490003041941,-0.008,0.55769998332074,-0.045,-12,33,-9,-9
58.35,0.175490003041941,0.009,0.50907998477483,-0.044,-34,10,-31,-31
58.33,0.175490003041941,0.006,0.55769998332074,-0.044,-49,30,-50,-12
58.4,0.175490003041941,-0.004,0.657799980327027,-0.042,-34,10,-68,-34
58.47,0.175490003041941,-0.012,0.760759977247779,-0.039,-49,-15,-87,-49
58.33,0.175490003041941,-0.012,0.8579999743396,-0.037,-35,-35,-73,-73
58.22,0.175490003041941,0.004,0.909479972799976,-0.038,-18,-52,-54,-92
58.23,0.175490003041941,0.014,0.8579999743396,-0.039,7,-77,-36,-70
58.3,0.175490003041941,0.008,0.8579999743396,-0.039,30,-49,-14,-52
58.32,0.175490003041941,0.009,0.8579999743396,-0.04,10,-34,-33,-33
58.22,0.175490003041941,0.017,0.8579999743396,-0.039,-15,-15,-52,-14
58.08,0.175490003041941,0.012,0.8579999743396,-0.041,-34,10,-67,6
57.97,0.175490003041941,0,0.8579999743396,-0.043,-52,-18,-52,-14
57.99,0.175490003041941,0,0.8579999743396,-0.043,-34,10,-33,-33
58.05,0.175490003041941,0.008,0.8579999743396,-0.041,-49,30,-14,-52
58.12,0.175490003041941,0.001,0.80937997579369,-0.039,-34,10,6,-67
58.11,0.181594003147748,-0.013,0.80937997579369,-0.038,-15,-15,-14,-52
58.14,0.181594003147748,-0.02,0.760759977247779,-0.038,10,-34,-33,-33
58,0.181594003147748,-0.015,0.760759977247779,-0.039,-18,-52,-52,-14
58.07,0.181594003147748,0.001,0.8579999743396,-0.04,-36,-80,-30,9
58.08,0.181594003147748,0.03,0.8579999743396,-0.042,-55,-55,-52,-14
58.06,0.181594003147748,0.049,0.80937997579369,-0.043,-80,-36,-70,-36
58,0.181594003147748,0.044,0.706419978872938,-0.045,-52,-18,-92,-54
58.06,0.181594003147748,0.032,0.657799980327027,-0.047,-35,-35,-73,-73
57.95,0.181594003147748,0.028,0.706419978872938,-0.048,-18,-52,-54,-92
58.02,0.181594003147748,0.024,0.706419978872938,-0.048,10,-34,-36,-70
58.09,0.181594003147748,0.019,0.760759977247779,-0.048,-18,-52,-14,-52
58.15,0.181594003147748,0.023,0.760759977247779,-0.047,-35,-35,-36,-70
58.01,0.181594003147748,0.037,0.80937997579369,-0.047,-52,-35,-18,-88
57.95,0.181594003147748,0.051,0.760759977247779,-0.048,-35,-18,-36,-70
58.02,0.181594003147748,0.048,0.706419978872938,-0.047,-15,10,-53,-53
58.09,0.181594003147748,0.027,0.606319981866651,-0.044,-35,-18,-70,-36
57.99,0.181594003147748,0.004,0.606319981866651,-0.043,-55,-38,-94,-24
58.05,0.181594003147748,0.008,0.706419978872938,-0.046,-38,-55,-76,-42
57.98,0.181594003147748,0.032,0.706419978872938,-0.049,-52,-35,-53,-53
57.98,0.181594003147748,0.044,0.706419978872938,-0.05,-35,-52,-36,-70
57.88,0.181594003147748,0.03,0.657799980327027,-0.049,-18,-77,-14,-52
57.91,0.181594003147748,0.009,0.706419978872938,-0.049,4,-55,-39,-39
57.97,0.181594003147748,0.004,0.657799980327027,-0.047,-21,-38,-17,-17
57.83,0.181594003147748,0.025,0.657799980327027,-0.047,-38,-38,3,-36
57.85,0.181594003147748,0.041,0.606319981866651,-0.049,-18,-18,-20,-58
57.8,0.181594003147748,0.04,0.55769998332074,-0.051,10,10,-42,-76
57.75,0.181594003147748,0.028,0.55769998332074,-0.053,33,33,-59,-59
57.77,0.181594003147748,0.013,0.606319981866651,-0.054,12,58,-76,-42
57.71,0.181594003147748,0.018,0.657799980327027,-0.051,-15,30,-94,-24
57.69,0.181594003147748,0.033,0.657799980327027,-0.049,-37,7,-76,-42
57.76,0.181594003147748,0.03,0.657799980327027,-0.05,-55,-21,-59,-42
57.78,0.181594003147748,0.019,0.55769998332074,-0.051,-83,-39,-42,-59
57.73,0.181594003147748,0.02,0.55769998332074,-0.051,-58,-58,-59,-42
57.67,0.181594003147748,0.027,0.606319981866651,-0.051,-83,-39,-42,-59
57.64,0.181594003147748,0.03,0.657799980327027,-0.051,-58,-58,-24,-76
57.71,0.181594003147748,0.027,0.657799980327027,-0.051,-38,-38,-42,-59
57.6,0.181594003147748,0.011,0.657799980327027,-0.052,-18,-18,-59,-76
57.53,0.181594003147748,-0.001,0.606319981866651,-0.051,10,10,-76,-59
57.48,0.181594003147748,-0.006,0.460459986228919,-0.048,33,33,-59,-42
57.41,0.181594003147748,-0.007,0.360359989222632,-0.045,58,12,-39,-20
57.34,0.181594003147748,-0.006,0.411839987683008,-0.043,30,-15,-20,-39
57.34,0.181594003147748,-0.012,0.460459986228919,-0.042,7,-37,6,-14
57.32,0.181594003147748,-0.014,0.50907998477483,-0.042,-21,-55,-14,6
57.32,0.181594003147748,-0.013,0.606319981866651,-0.043,-38,-38,-39,-20
57.37,0.181594003147748,-0.012,0.706419978872938,-0.044,-58,-58,-58,0
57.23,0.181594003147748,0.003,0.80937997579369,-0.044,-83,-39,-76,-24
57.28,0.181594003147748,0.023,0.909479972799976,-0.042,-55,-21,-59,-42
57.14,0.181594003147748,0.038,0.960959971260352,-0.041,-38,-38,-42,-59
57.21,0.181594003147748,0.038,0.80937997579369,-0.04,-18,-18,-24,-76
57.09,0.181594003147748,0.011,0.657799980327027,-0.04,-45,-28,-48,-65
57.16,0.181594003147748,-0.012,0.50907998477483,-0.042,-28,-45,-26,-45
57.23,0.181594003147748,-0.012,0.460459986228919,-0.045,-45,-28,-48,-65
57.09,0.181594003147748,-0.004,0.460459986228919,-0.048,-28,-45,-65,-48
57.16,0.181594003147748,-0.004,0.460459986228919,-0.05,-45,-62,-82,-30
57.02,0.181594003147748,-0.006,0.460459986228919,-0.051,-28,-87,-65,-48
56.98,0.181594003147748,-0.012,0.55769998332074,-0.049,-45,-62,-45,-26
57.05,0.187698003253554,-0.007,0.657799980327027,-0.046,-62,-45,-26,-45
57.08,0.187698003253554,0.014,0.760759977247779,-0.042,-45,-28,-48,-65
57.07,0.187698003253554,0.012,0.760759977247779,-0.04,-44,0,-62,-79
57.01,0.187698003253554,-0.012,0.760759977247779,-0.04,-62,-28,-79,-62
57.03,0.187698003253554,-0.02,0.860859974254066,-0.042,-45,-45,-97,-45
56.97,0.187698003253554,-0.006,0.963819971174818,-0.043,-62,-28,-82,-65
56.87,0.198380003438716,0.008,1.01243996972073,-0.043,-45,-45,-65,-48
56.94,0.198380003438716,0.009,1.01243996972073,-0.043,-28,-62,-48,-65
57.01,0.198380003438716,0.008,0.963819971174818,-0.044,-3,-87,-65,-82
57,0.198380003438716,0.009,0.860859974254066,-0.044,-31,-110,-82,-65
56.98,0.198380003438716,0.007,0.763619977162244,-0.044,-46,-90,-65,-82
56.84,0.198380003438716,0.013,0.709279978787403,-0.045,-65,-65,-48,-100
56.91,0.198380003438716,0.02,0.709279978787403,-0.048,-45,-45,-30,-82
56.98,0.198380003438716,0.023,0.709279978787403,-0.049,-62,-28,-48,-100
56.94,0.198380003438716,0.019,0.660659980241492,-0.051,-44,0,-65,-82
56.97,0.204484003544523,0.019,0.660659980241492,-0.052,-62,-28,-48,-65
56.97,0.204484003544523,0.02,0.709279978787403,-0.053,-90,-46,-65,-48
57.04,0.204484003544523,0.014,0.763619977162244,-0.053,-65,-65,-48,-65
56.9,0.210588003650329,0.014,0.860859974254066,-0.054,-45,-45,-65,-82
56.96,0.210588003650329,0.03,0.860859974254066,-0.054,-25,-25,-82,-65
56.82,0.219744003809039,0.049,0.912339972714442,-0.052,0,-44,-100,-48
56.86,0.225848003914846,0.048,0.912339972714442,-0.048,23,-22,-82,-30
56.81,0.231952004020652,0.025,0.963819971174818,-0.045,0,-44,-64,-6
56.83,0.238056004126459,-0.003,0.812239975708155,-0.043,-25,-25,-45,-26
56.81,0.247212004285169,0.006,0.609179981781116,-0.044,-45,-45,-26,-45
56.74,0.253316004390976,0.006,0.609179981781116,-0.047,-65,-65,-48,-65
56.76,0.259420004496782,0.024,0.463319986143384,-0.05,-93,-49,-71,-88
56.72,0.270102004681944,0.02,0.511939984689295,-0.05,-68,-68,-88,-71
56.58,0.270102004681944,0.022,0.660659980241492,-0.049,-48,-48,-106,-54
56.65,0.276206004787751,0.022,0.860859974254066,-0.047,-28,-28,-88,-71
56.64,0.282310004893557,0.024,0.912339972714442,-0.046,-3,-47,-71,-88
56.61,0.288414004999364,0.022,0.812239975708155,-0.047,20,-25,-54,-106
56.54,0.297570005158074,0.018,0.709279978787403,-0.048,-3,-28,-36,-88
56.56,0.30367400526388,0.018,0.709279978787403,-0.048,-28,-3,-54,-71
56.52,0.318934005528397,0.017,0.660659980241492,-0.048,-47,-3,-71,-54
56.39,0.33114200574001,0.019,0.763619977162244,-0.049,-47,17,-88,-36
56.46,0.337246005845817,0.027,0.763619977162244,-0.05,-65,-6,-70,-12
56.32,0.354032006136785,0.032,0.763619977162244,-0.05,-48,-31,-51,-32
56.39,0.369292006401302,0.037,0.763619977162244,-0.049,-31,-48,-32,-51
56.38,0.381500006612915,0.033,0.763619977162244,-0.048,-48,-48,-54,-71
56.39,0.396760006877432,0.022,0.812239975708155,-0.047,-31,-65,-71,-88
56.25,0.408968007089045,0.022,0.812239975708155,-0.046,-48,-48,-72,-110
56.18,0.424228007353562,0.015,0.912339972714442,-0.046,-28,-28,-54,-88
56.19,0.445592007723885,0.018,0.912339972714442,-0.044,0,0,-32,-70
56.19,0.466956008094208,0.014,0.963819971174818,-0.042,-28,-28,-9,-48
56.24,0.485268008411628,0.014,0.963819971174818,-0.041,-31,-48,-29,-29
56.16,0.506632008781951,0,1.06105996826664,-0.041,-6,-65,-48,-9
56.12,0.527996009152275,-0.004,1.06105996826664,-0.041,-31,-90,-70,-32
56.03,0.556990009654856,0.002,1.06105996826664,-0.042,-48,-65,-88,-54
56.1,0.578354010025179,0.015,1.10967996681255,-0.043,-31,-48,-88,-71
56.06,0.604296010474858,0.019,1.16115996527293,-0.043,-48,-31,-71,-88
55.99,0.631764010950987,0.023,1.26411996219368,-0.043,-28,-3,-72,-110
56.05,0.662284011480021,0.028,1.31273996073959,-0.043,-3,-28,-54,-88
56.01,0.680596011797441,0.03,1.3613599592855,-0.044,-31,-48,-32,-70
55.98,0.717220012432281,0.032,1.3613599592855,-0.045,-48,-31,-9,-48
55.95,0.74468801290841,0.028,1.41283995774588,-0.046,-31,-48,-29,-29
55.88,0.77215601338454,0.027,1.41283995774588,-0.046,-3,-28,-48,-9
55.93,0.807254013992928,0.027,1.41283995774588,-0.044,-31,-48,-70,-32
55.97,0.834722014469058,0.048,1.46145995629179,-0.044,-48,-65,-88,-54
55.88,0.87287201513035,0.062,1.5100799548377,-0.044,-65,-48,-110,-72
55.95,0.903392015659383,0.071,1.65593995047543,-0.045,-93,-70,-91,-91
55.85,0.941542016320675,0.072,1.80179994611316,-0.046,-113,-51,-71,-71
55.89,0.978166016955514,0.074,1.95051994166536,-0.047,-90,-33,-54,-88
55.77,1.01631601761681,0.07,1.99913994021127,-0.047,-65,-50,-32,-70
55.84,1.057518018331,0.058,2.10495993704649,-0.048,-48,-31,-32,-51
55.91,1.0987200190452,0.046,2.1535799355924,-0.048,-31,-48,-51,-32
55.9,1.13992201975939,0.046,2.20219993413831,-0.048,-6,-65,-26,-6
55.97,1.17807202042068,0.056,2.40239992815088,-0.049,-31,-90,-51,-32
55.94,1.21927402113488,0.076,2.65407992062383,-0.05,-49,-115,-71,-54
56.01,1.26047602184907,0.092,2.85141991472194,-0.052,-49,-95,-54,-71
56.03,1.29710002248391,0.083,3.0029999101886,-0.053,-68,-70,-71,-88
56.09,1.3321980230923,0.07,3.20319990420117,-0.054,-48,-50,-88,-71
55.95,1.36424402364778,0.076,3.50349989522003,-0.055,-28,-30,-71,-88
55.83,1.40392002433553,0.092,3.80093988632443,-0.055,-47,-5,-54,-71
55.9,1.43596602489101,0.108,4.05547987871184,-0.054,-62,15,-36,-88
55.88,1.4710640254994,0.118,4.25281987280995,-0.053,-90,-8,-15,-108
55.9,1.50158402602843,0.122,4.45587986673699,-0.053,-65,-33,-36,-108
55.93,1.53668202663682,0.135,4.60459986228919,-0.053,-48,-50,-54,-90
55.88,1.56720202716586,0.166,4.70183985938101,-0.055,-48,-67,-71,-73
55.9,1.6068780278536,0.19,4.85627985476214,-0.056,-31,-92,-88,-56
55.86,1.63892402840908,0.187,5.05647984877471,-0.058,-49,-95,-70,-34
55.88,1.68470402920263,0.171,5.20805984424137,-0.059,-31,-67,-51,-53
55.87,1.72285402986392,0.161,5.3052998413332,-0.059,-3,-49,-71,-73
55.91,1.76253003055167,0.154,5.35677983979357,-0.059,20,-27,-91,-93
55.84,1.79915403118651,0.148,5.45401983688539,-0.059,-3,-30,-110,-74
55.89,1.83883003187425,0.155,5.60273983243759,-0.059,-28,-5,-130,-74
55.75,1.88308403264135,0.176,5.80579982636463,-0.059,-48,-33,-110,-93
55.76,1.91360403317038,0.2,6.00313982046274,-0.061,-65,-8,-91,-112
55.79,1.95328003385813,0.213,6.15757981584386,-0.061,-48,-33,-71,-90
55.81,1.99143003451942,0.207,6.35491980994197,-0.061,-31,-50,-54,-73
55.71,2.02958003518071,0.19,6.60659980241492,-0.059,-6,-67,-32,-53
55.78,2.06925603586845,0.181,6.90403979351932,-0.059,17,-49,-6,-28
55.68,2.1119840366091,0.186,7.10709978744636,-0.059,-6,-67,-32,-53
55.65,2.15471203734974,0.203,7.25295978308409,-0.06,-31,-50,-54,-73
55.62,2.19438803803749,0.221,7.35305978009037,-0.059,-48,-33,-36,-90
55.6,2.23711603877813,0.227,7.45601977701113,-0.058,-65,-8,-54,-108
55.5,2.28442203959814,0.233,7.6562197710237,-0.057,-90,12,-71,-90
55.52,2.33325404044459,0.245,7.75345976811552,-0.056,-65,-8,-70,-73
55.44,2.37598204118524,0.253,7.8049397665759,-0.057,-48,-33,-70,-56
55.51,2.4309180421375,0.252,7.85355976512181,-0.058,-31,-50,-50,-34
55.54,2.47364604287814,0.239,7.85355976512181,-0.058,-6,-67,-70,-34
55.48,2.5224780437246,0.224,7.85355976512181,-0.056,17,-49,-85,-14
55.43,2.57741404467685,0.223,7.95651976204256,-0.055,-6,-67,-70,-34
55.29,2.62777204554976,0.232,8.10523975759476,-0.054,-31,-50,-51,-53
55.33,2.67660404639621,0.243,8.15385975614067,-0.054,-48,-33,-32,-72
55.31,2.72543604724267,0.249,8.25109975323249,-0.054,-28,-5,-35,-90
55.32,2.78037204819493,0.252,8.35691975006771,-0.054,2,21,-53,-73
55.33,2.83988604922654,0.249,8.5056397456199,-0.054,-28,-5,-70,-56
55.19,2.88871805007299,0.24,8.55425974416582,-0.054,-48,-33,-88,-38
55.1,2.93755005091945,0.234,8.6543597411721,-0.054,-65,-50,-71,-56
55.17,3.00011605200396,0.232,8.80593973663876,-0.053,-48,-67,-54,-73
55.14,3.05810405300913,0.233,8.95465973219096,-0.053,-31,-50,-71,-90
55.19,3.11456605398784,0.242,9.00327973073687,-0.053,-3,-49,-54,-108
55.18,3.17560605504591,0.247,9.05475972919725,-0.053,17,-64,-70,-90
55.09,3.23512005607752,0.252,9.15199972628907,-0.054,-6,-92,-87,-73
55.04,3.29768605716204,0.264,9.20347972474945,-0.054,-31,-67,-70,-56
55.03,3.36330405829946,0.279,9.25495972320982,-0.054,-48,-50,-50,-34
54.99,3.41824005925172,0.294,9.35791972013057,-0.055,-65,-33,-28,-31
54.93,3.47470206023043,0.302,9.50377971576831,-0.055,-92,-51,-5,-8
54.84,3.53421606126205,0.297,9.70683970969534,-0.057,-64,-33,-28,-31
54.85,3.59067806224076,0.282,9.95279970233936,-0.057,-47,-5,-50,-53
54.86,3.64714006321947,0.269,10.2559596932727,-0.057,-25,18,-70,-73
54.89,3.70360206419818,0.252,10.5019196859167,-0.056,0,-2,-90,-93
54.9,3.7631160652298,0.238,10.6077396827519,-0.055,20,-27,-110,-74
54.83,3.8134740661027,0.244,10.7049796798437,-0.055,45,-46,-90,-93
54.87,3.86993606708141,0.258,10.80507967685,-0.055,17,-64,-71,-112
54.88,3.92639806806012,0.268,10.8536996753959,-0.055,-6,-92,-53,-90
54.84,3.98743806911819,0.28,10.9537996724022,-0.056,-31,-67,-31,-72
54.77,4.0439000700969,0.289,11.1082396677834,-0.056,-48,-50,-8,-50
54.84,4.09425807096981,0.301,11.3055796618815,-0.057,-64,-33,-28,-31
54.74,4.15224607197497,0.312,11.4514396575192,-0.058,-89,-8,-50,-53
54.68,4.20260407284787,0.311,11.6058796529003,-0.059,-64,-33,-70,-73
54.69,4.25296207372078,0.296,11.7517396485381,-0.06,-48,-33,-70,-90
54.59,4.30332007459368,0.282,11.9033196440047,-0.06,-28,-5,-70,-73
54.6,4.35520407549304,0.287,12.0062796409255,-0.059,-3,-30,-50,-53
54.6,4.39945807626014,0.307,12.0548996394714,-0.06,18,-49,-28,-31
54.66,4.44371207702724,0.321,12.0062796409255,-0.062,-2,-30,-47,-11
54.55,4.48491407774143,0.327,12.0062796409255,-0.064,-30,-50,-69,-34
54.53,4.53069407853498,0.333,12.0062796409255,-0.066,-47,-67,-50,-53
54.46,4.56579207914337,0.344,12.1063796379318,-0.066,-67,-95,-53,-73
54.53,4.61004607991047,0.349,12.3523396305758,-0.065,-92,-70,-35,-90
54.43,4.64819608057176,0.344,12.6040196230487,-0.064,-64,-50,-53,-108
54.44,4.67719008107434,0.333,12.9071796139821,-0.064,-47,-33,-53,-90
54.47,4.71991808181499,0.315,13.1531396066261,-0.063,-27,-5,-70,-73
54.35,4.75196408237047,0.3,13.3047196020927,-0.062,3,21,-87,-56
54.42,4.78706208297886,0.295,13.4534395976449,-0.061,28,50,-69,-34
54.45,4.82216008358725,0.297,13.5535395946512,-0.061,53,25,-47,-11
54.4,4.85420608414273,0.308,13.6050195931116,-0.062,24,0,-69,-34
54.29,4.89540808485693,0.323,13.6536395916575,-0.064,-2,-30,-50,-53
54.3,4.92592808538596,0.336,13.7565995885783,-0.065,-30,-50,-31,-72
54.23,4.95797408594145,0.349,13.8566995855845,-0.066,-47,-67,-50,-53
54.3,4.99307208654983,0.354,13.9539395826764,-0.065,-67,-95,-69,-34
54.27,5.02206608705241,0.35,14.1026595782286,-0.064,-47,-67,-87,-56
54.19,5.06021608771371,0.344,14.2056195751493,-0.064,-64,-50,-70,-73
54.08,5.08921008821629,0.347,14.4029595692474,-0.065,-89,-33,-53,-90
54.05,5.11210008861306,0.363,14.5030595662537,-0.067,-64,-8,-35,-108
54.1,5.14109408911564,0.364,14.5545395647141,-0.068,-46,15,-11,-87
54.1,5.16398408951242,0.355,14.5030595662537,-0.069,-27,-5,-31,-72
54.07,5.18382208985629,0.354,14.5030595662537,-0.069,-2,-30,-50,-53
54.14,5.20671209025307,0.349,14.4544395677078,-0.07,-2,-49,-69,-34
54.09,5.22960209064984,0.344,14.4544395677078,-0.07,21,-27,-84,-14
54.07,5.24486209091436,0.34,14.5030595662537,-0.07,-2,-49,-105,-38
54.11,5.25859609115242,0.338,14.60315956326,-0.069,-30,-67,-87,-56
54.09,5.27385609141694,0.343,14.806219557187,-0.068,-47,-50,-70,-73
54.1,5.29674609181371,0.349,14.9520795528248,-0.068,-67,-70,-53,-90
54.04,5.31048009205178,0.355,15.2037595452977,-0.068,-95,-98,-31,-72
54.05,5.3257400923163,0.358,15.4525795378562,-0.069,-67,-70,-11,-72
54.08,5.33947409255436,0.348,15.7042595303292,-0.069,-47,-50,-31,-53
53.98,5.35626009284533,0.337,15.8529795258813,-0.069,-27,-30,-53,-73
53.95,5.3791500932421,0.332,15.8529795258813,-0.068,1,-2,-70,-90
53.88,5.39135809345372,0.338,15.7042595303292,-0.067,24,21,-87,-73
53.87,5.40814409374468,0.339,15.6556395317832,-0.067,3,46,-70,-56
53.73,5.4203520939563,0.338,15.6556395317832,-0.067,-24,18,-50,-34
53.68,5.43713809424727,0.353,15.7042595303292,-0.067,-46,-5,-34,-56
53.62,5.44324209435307,0.371,15.7042595303292,-0.068,-64,-33,-5,-28
53.69,5.45392409453823,0.384,15.7528795288751,-0.07,-92,-51,-31,-53
53.64,5.46002809464404,0.386,15.8529795258813,-0.071,-67,-70,-53,-73
53.71,5.46613209474985,0.374,16.004559521348,-0.071,-48,-95,-70,-90
53.63,5.47376209488211,0.363,16.0531795198939,-0.07,-30,-67,-87,-73
53.5,5.47376209488211,0.353,16.0531795198939,-0.069,-2,-49,-105,-56
53.57,5.47376209488211,0.339,16.004559521348,-0.068,21,-27,-87,-38
53.57,5.47376209488211,0.336,15.9015995244273,-0.068,1,-2,-69,-14
53.55,5.47376209488211,0.334,15.9502195229732,-0.067,-27,-30,-50,-34
53.51,5.48291809504082,0.345,16.1046595183543,-0.067,-46,-5,-31,-53
53.47,5.48902209514662,0.37,16.2533795139065,-0.068,-64,-33,-53,-73
53.37,5.48902209514662,0.38,16.4020995094587,-0.069,-47,-50,-70,-90
53.44,5.49665209527888,0.371,16.5050595063794,-0.071,-27,-30,-53,-108
53.41,5.49665209527888,0.361,16.7023995004776,-0.071,1,-2,-71,-112
53.32,5.50580809543759,0.354,16.8511194960297,-0.07,21,-27,-90,-93
53.23,5.5119120955434,0.349,17.0026994914964,-0.069,-2,-49,-70,-73
53.24,5.5119120955434,0.35,17.0541794899568,-0.069,-30,-67,-50,-53
53.26,5.5180160956492,0.359,17.0541794899568,-0.07,-47,-50,-28,-31
53.23,5.52564609578146,0.357,17.0026994914964,-0.07,-27,-30,-47,-11
53.19,5.52564609578146,0.347,16.9054594944046,-0.07,-2,-49,-69,-34
53.12,5.53480209594017,0.359,16.7510194990235,-0.069,-27,-30,-84,-14
53.02,5.53480209594017,0.371,16.7023995004776,-0.068,1,-2,-66,8
53.05,5.53480209594017,0.366,16.6537795019316,-0.067,-24,18,-47,-11
53.05,5.54090609604598,0.359,16.6537795019316,-0.067,1,-2,-28,-31
53.11,5.54090609604598,0.333,16.6051595033857,-0.066,-27,-30,-50,-53
52.97,5.54090609604598,0.327,16.5565395048398,-0.066,-47,-50,-73,-76
52.93,5.54853609617824,0.349,16.5565395048398,-0.066,-67,-70,-56,-93
52.87,5.55769209633695,0.354,16.5565395048398,-0.067,-92,-51,-38,-111
52.8,5.55769209633695,0.354,16.5565395048398,-0.068,-64,-33,-11,-87
52.8,5.55769209633695,0.354,16.6537795019316,-0.068,-46,-5,-31,-72
52.73,5.55769209633695,0.345,16.7510194990235,-0.068,-27,-5,-50,-53
52.79,5.56379609644275,0.343,16.8511194960297,-0.067,-2,-30,-69,-34
52.7,5.56379609644275,0.333,16.8511194960297,-0.068,18,-49,-84,-14
52.66,5.56379609644275,0.323,16.7510194990235,-0.068,-5,-67,-72,-37
52.62,5.56379609644275,0.332,16.5565395048398,-0.067,-30,-92,-53,-56
52.58,5.56379609644275,0.342,16.3534795109128,-0.067,-5,-92,-31,-34
52.51,5.56379609644275,0.339,16.2047595153606,-0.066,18,-64,-28,-11
52.37,5.56379609644275,0.334,16.1532795169002,-0.066,-2,-49,-44,11
52.42,5.56379609644275,0.331,16.1532795169002,-0.066,-27,-30,-25,-8
52.32,5.56379609644275,0.327,16.2533795139065,-0.066,-46,-5,-50,-34
52.32,5.56379609644275,0.323,16.3534795109128,-0.066,-61,15,-70,-56
52.28,5.56379609644275,0.323,16.4564395078335,-0.065,-89,-8,-87,-73
52.14,5.56379609644275,0.328,16.6051595033857,-0.066,-112,-36,-70,-90
52.07,5.56379609644275,0.323,16.8511194960297,-0.066,-140,-54,-53,-108
51.99,5.56379609644275,0.312,17.0541794899568,-0.066,-115,-73,-35,-90
52.04,5.56379609644275,0.317,17.1056594884172,-0.065,-95,-98,-11,-72
52.11,5.56379609644275,0.332,17.1056594884172,-0.066,-67,-70,-31,-53
52.03,5.56379609644275,0.344,17.0026994914964,-0.068,-47,-50,-50,-34
52.03,5.56379609644275,0.352,16.8511194960297,-0.07,-27,-30,-70,-56
52.01,5.56379609644275,0.353,16.8024994974838,-0.071,-2,-49,-87,-56
51.95,5.56379609644275,0.361,16.9054594944046,-0.071,18,-64,-105,-38
51.99,5.55769209633695,0.366,17.1056594884172,-0.072,46,-46,-87,-56
52.01,5.54090609604598,0.354,17.3029994825153,-0.073,21,-27,-69,-34
52,5.54090609604598,0.354,17.5031994765278,-0.074,1,-2,-50,-53
52.07,5.52564609578146,0.358,17.65191947208,-0.074,-27,-30,-31,-72
52.14,5.5180160956492,0.344,17.7491594691719,-0.073,-46,-5,-53,-90
52.09,5.5119120955434,0.332,17.8549794660071,-0.073,-64,-33,-71,-112
52.04,5.49665209527888,0.329,17.903599464553,-0.072,-47,-50,-90,-93
51.91,5.48902209514662,0.338,18.0036994615593,-0.071,-67,-70,-70,-73
51.77,5.48902209514662,0.359,18.1037994585656,-0.072,-95,-98,-50,-53
51.71,5.47376209488211,0.389,18.2010394556574,-0.073,-115,-73,-31,-72
51.5,5.46613209474985,0.41,18.3068594524926,-0.075,-92,-52,-11,-87
51.39,5.46002809464404,0.412,18.4040994495844,-0.075,-67,-71,-31,-72
51.35,5.43713809424727,0.422,18.4527194481303,-0.075,-47,-51,-50,-53
51.32,5.4203520939563,0.417,18.4527194481303,-0.074,-27,-31,-69,-34
51.26,5.40814409374468,0.396,18.4040994495844,-0.074,-6,-2,-84,-14
51.26,5.3791500932421,0.406,18.3554794510385,-0.073,-5,1,-105,-38
51.15,5.35015609273952,0.392,18.4527194481303,-0.073,-22,5,-87,-56
51.17,5.31963609221049,0.359,18.6014394436825,-0.073,-123,-108,-70,-77
51.22,5.2814860915492,0.364,18.7530194391492,-0.073,-96,-201,-53,-91
51.14,5.24486209091436,0.368,18.9532194331618,-0.073,-107,-235,-35,-109
51.1,5.20671209025307,0.371,19.101939428714,-0.074,-131,-309,-11,-88
51.01,5.17771808975048,0.397,19.1562794270888,-0.075,-103,-383,-31,-73
50.9,5.12583408885113,0.392,19.2535194241806,-0.076,-123,-409,-50,-54
50.86,5.08921008821629,0.391,19.304999422641,-0.076,-137,-481,-28,-32
50.78,5.051060087555,0.413,19.3536194211869,-0.076,-151,-499,-5,-9
50.74,5.00833208681435,0.411,19.4022394197328,-0.076,-167,-518,14,-29
50.66,4.96407808604725,0.413,19.4022394197328,-0.077,-187,-526,-8,-51
50.65,4.9182980852537,0.416,19.3536194211869,-0.079,-161,-541,-31,-73
50.55,4.86641408435435,0.387,19.1562794270888,-0.081,-125,-573,-53,-90
50.41,4.81605608348144,0.374,18.9045994346159,-0.082,-108,-644,-70,-73
50.49,4.76417208258208,0.361,18.6500594422284,-0.084,-83,-722,-90,-59
50.44,4.71228808168273,0.34,18.4527194481303,-0.085,-105,-785,-105,-38
50.4,4.66193008080982,0.36,18.4040994495844,-0.086,-86,-798,-84,-14
50.43,4.61004607991047,0.391,18.3554794510385,-0.088,-52,-814,-66,8
50.29,4.56579207914337,0.378,18.3068594524926,-0.09,-31,-815,-57,-21
50.13,4.52459007842917,0.36,18.2553794540322,-0.09,-4,-861,-38,-41
50.07,4.47881007763562,0.364,18.1037994585656,-0.089,-29,-864,-18,-60
50.06,4.44371207702724,0.354,17.903599464553,-0.09,-55,-906,1,-79
49.93,4.39945807626014,0.363,17.8034994675467,-0.093,-80,-948,-21,-82
49.87,4.35520407549304,0.381,17.65191947208,-0.097,-94,-945,-41,-63
49.78,4.30942407469949,0.374,17.5546794749882,-0.098,-111,-936,-60,-44
49.66,4.26822207398529,0.37,17.5031994765278,-0.097,-129,-938,-35,-18
49.54,4.2239680732182,0.358,17.3573394808901,-0.098,-101,-927,-15,-38
49.36,4.1797140724511,0.336,17.1542794869631,-0.098,-80,-913,4,-57
49.24,4.1385120717369,0.348,16.9540794929505,-0.097,-61,-949,30,-35
49.13,4.088154070864,0.355,16.6537795019316,-0.098,-34,-985,7,-15
49.04,4.0439000700969,0.343,16.4564395078335,-0.099,-6,-969,-12,4
48.97,3.993542069224,0.349,16.2533795139065,-0.1,25,-1009,-35,-18
48.88,3.94318406835109,0.352,16.0531795198939,-0.102,-1,-1006,-60,-45
48.76,3.89893006758399,0.359,15.8529795258813,-0.105,-27,-1022,-80,-70
48.7,3.84857206671109,0.379,15.7042595303292,-0.107,-55,-1030,-63,-90
48.57,3.79821406583818,0.373,15.6556395317832,-0.107,-69,-1056,-41,-77
48.62,3.74785606496528,0.361,15.6070195332373,-0.107,-83,-1039,-15,-55
48.5,3.69139406398657,0.347,15.5011995364021,-0.106,-66,-1052,-35,-41
48.63,3.64103606311366,0.301,15.303859542304,-0.106,-47,-1014,-60,-79
48.66,3.59067806224076,0.278,15.0521795498311,-0.106,-60,-1039,-80,-114
48.45,3.54032006136785,0.294,14.7061195601807,-0.108,-77,-1045,-97,-145
48.28,3.48996206049495,0.316,14.4544395677078,-0.11,-60,-1050,-80,-153
48.34,3.44113005964849,0.348,14.2542395736952,-0.111,-42,-1023,-60,-145
48.13,3.39077205877559,0.365,14.2056195751493,-0.111,-11,-997,-35,-122
47.92,3.34041405790268,0.358,14.2056195751493,-0.111,12,-1047,-12,-100
47.96,3.29158205705623,0.343,14.2542395736952,-0.113,-11,-1076,7,-119
47.75,3.24122405618333,0.329,14.2542395736952,-0.116,-36,-1111,-15,-148
47.83,3.19086605531042,0.328,14.1512795767745,-0.119,-54,-1149,-35,-128
47.88,3.14813805456978,0.336,14.0540395796827,-0.122,-73,-1120,-60,-148
47.97,3.09930605372332,0.332,13.9539395826764,-0.125,-53,-1076,-79,-128
48.11,3.05810405300913,0.312,13.8052195871242,-0.126,-36,-1056,-97,-152
48.18,3.02148005237429,0.305,13.7022595902034,-0.125,-8,-1028,-115,-170
48.2,2.97722605160719,0.345,13.6536395916575,-0.126,-32,-994,-142,-158
47.99,2.94365405102525,0.379,13.5020595961908,-0.129,-51,-962,-164,-176
47.78,2.91008205044332,0.357,13.4534395976449,-0.131,-69,-981,-145,-194
47.91,2.87345804980848,0.327,13.5535395946512,-0.131,-52,-961,-125,-213
48.05,2.83988604922654,0.311,13.6050195931116,-0.127,-70,-984,-103,-193
47.84,2.79563204845944,0.312,13.6536395916575,-0.125,-53,-1009,-86,-210
47.63,2.76816404798331,0.323,13.7022595902034,-0.127,-36,-1026,-69,-193
47.42,2.73154004734847,0.342,13.7565995885783,-0.126,-52,-995,-47,-169
47.21,2.69796804676654,0.369,13.8052195871242,-0.125,-35,-998,-21,-140
47.25,2.67050004629041,0.374,13.8566995855845,-0.125,-10,-973,1,-117
47.39,2.63387604565557,0.352,13.9539395826764,-0.126,13,-955,24,-137
47.54,2.60640804517944,0.334,14.1026595782286,-0.126,-10,-973,1,-117
47.69,2.56520604446524,0.315,14.1512795767745,-0.126,-36,-956,-21,-120
47.79,2.53468604393621,0.316,14.2056195751493,-0.126,-53,-939,-44,-143
47.58,2.49501004324846,0.355,14.0540395796827,-0.124,-69,-914,-66,-165
47.37,2.45838604261363,0.375,13.8566995855845,-0.123,-51,-891,-86,-185
47.45,2.40955404176717,0.371,13.6536395916575,-0.124,-26,-860,-106,-205
47.24,2.36987804107943,0.36,13.404819599099,-0.122,-2,-885,-128,-227
47.39,2.32715004033878,0.337,13.3047196020927,-0.121,19,-906,-106,-205
47.44,2.28442203959814,0.327,13.3047196020927,-0.121,-8,-936,-86,-185
47.23,2.23711603877813,0.347,13.3561996005531,-0.121,-35,-956,-69,-202
47.38,2.18828403793168,0.381,13.3561996005531,-0.122,-52,-974,-47,-184
47.17,2.14555603719103,0.387,13.2503796037179,-0.122,-72,-1002,-24,-162
46.96,2.09672403634458,0.359,13.1531396066261,-0.12,-53,-1021,-44,-143
47.03,2.04789203549813,0.336,13.0558996095343,-0.117,-35,-998,-63,-123
47.18,2.01126803486329,0.332,12.955799612528,-0.115,-10,-962,-82,-104
47.29,1.96701403409619,0.344,12.704119620055,-0.116,-35,-908,-100,-126
47.08,1.92733803340845,0.374,12.4552996274965,-0.12,-52,-874,-121,-150
46.87,1.88308403264135,0.389,12.2522396335695,-0.124,-69,-849,-100,-120
46.66,1.83883003187425,0.384,12.1549996364777,-0.123,-51,-825,-82,-98
46.68,1.78847203100135,0.374,12.0062796409255,-0.119,-26,-794,-63,-117
46.84,1.7426920302078,0.364,11.9033196440047,-0.115,1,-767,-44,-137
46.63,1.6984380294407,0.359,11.8546996454588,-0.114,-26,-794,-24,-156
46.69,1.65265802864715,0.354,11.8546996454588,-0.115,-2,-819,-47,-178
46.48,1.60230002777424,0.352,11.9033196440047,-0.115,-32,-845,-51,-196
46.62,1.55652002698069,0.364,11.9033196440047,-0.115,-7,-819,-69,-214
46.41,1.50158402602843,0.361,11.6544996514462,-0.117,13,-768,-86,-196
46.2,1.45580402523488,0.342,11.3541996604274,-0.117,38,-762,-103,-179
46.32,1.40392002433553,0.334,11.1082396677834,-0.116,10,-765,-86,-162
46.11,1.35814002354198,0.329,10.9023196739419,-0.114,-10,-756,-69,-179
45.96,1.30625602264262,0.3,10.8536996753959,-0.111,9,-726,-47,-147
45.95,1.25132002169036,0.285,10.80507967685,-0.107,37,-673,-44,-109
46.09,1.1933320206852,0.3,10.80507967685,-0.102,12,-629,-63,-86
45.88,1.13992201975939,0.31,10.80507967685,-0.1,-8,-591,-85,-106
46.01,1.08346001878068,0.327,10.80507967685,-0.1,-32,-542,-66,-125
46.03,1.02547201777552,0.339,10.80507967685,-0.101,-52,-545,-44,-103
46.09,0.969010016796804,0.323,10.8536996753959,-0.102,-69,-520,-66,-125
45.88,0.915600015870996,0.3,10.9537996724022,-0.102,-95,-483,-86,-145
45.93,0.868294015050995,0.285,11.056759669323,-0.1,-115,-443,-106,-165
46.01,0.813358014098735,0.285,11.056759669323,-0.097,-95,-430,-125,-138
46.01,0.766052013278734,0.305,10.9537996724022,-0.093,-69,-425,-103,-114
46.01,0.717220012432281,0.32,10.8536996753959,-0.09,-52,-414,-85,-85
45.95,0.668388011585827,0.326,10.6077396827519,-0.09,-35,-404,-66,-104
46.02,0.619556010739374,0.331,10.4046796888249,-0.09,-10,-401,-47,-120
46.06,0.578354010025179,0.334,10.2073396947268,-0.09,-38,-404,-69,-135
45.99,0.527996009152275,0.344,10.0014197008853,-0.091,-53,-362,-86,-135
45.78,0.485268008411628,0.348,9.85555970524754,-0.092,-38,-349,-103,-112
45.59,0.436436007565175,0.345,9.6524997113205,-0.091,-56,-383,-86,-95
45.62,0.402864006983238,0.343,9.50377971576831,-0.088,-89,-373,-69,-118
45.56,0.360136006242592,0.331,9.4551597172224,-0.084,-95,-365,-86,-135
45.54,0.318934005528397,0.321,9.4551597172224,-0.079,-110,-362,-69,-153
45.63,0.276206004787751,0.297,9.50377971576831,-0.076,-156,-369,-51,-138
45.62,0.231952004020652,0.274,9.55525971422868,-0.076,-170,-380,-69,-156
45.66,0.198380003438716,0.294,9.60387971277459,-0.078,-149,-430,-86,-135
45.55,0.154126002671618,0.344,9.50377971576831,-0.078,-122,-445,-103,-118
45.53,0.10987200190452,0.375,9.40653971867648,-0.077,-91,-455,-86,-95
45.45,0.0686700011903247,0.354,9.3064397216702,-0.075,-59,-471,-85,-73
45.32,0.0244160004232266,0.312,9.3064397216702,-0.071,-80,-476,-63,-50
45.25,-0.0152600002645166,0.294,9.4551597172224,-0.067,-97,-488,-41,-28
45.2,-0.0564620009787114,0.303,9.55525971422868,-0.065,-73,-546,-21,-47
45.25,-0.10071600174581,0.313,9.6524997113205,-0.068,-43,-616,-2,-67
45.34,-0.138866002407101,0.307,9.60387971277459,-0.072,-67,-700,-24,-86
45.17,-0.172438002989038,0.302,9.4551597172224,-0.074,-92,-788,-47,-108
45.33,-0.193802003359361,0.321,9.3064397216702,-0.076,-107,-806,-69,-129
45.37,-0.216692003756136,0.338,9.20347972474945,-0.077,-116,-829,-86,-124
45.45,-0.238056004126459,0.344,9.05475972919725,-0.079,-101,-891,-103,-114
45.24,-0.250264004338072,0.336,8.90603973364505,-0.083,-117,-973,-125,-146
45.41,-0.267050004629041,0.316,8.70297973971801,-0.088,-140,-1006,-103,-150
45.2,-0.273154004734847,0.313,8.55425974416582,-0.093,-149,-1058,-63,-132
45.22,-0.279258004840654,0.322,8.40553974861362,-0.096,-129,-1081,-41,-125
45.25,-0.288414004999364,0.302,8.20247975468658,-0.098,-97,-1144,-19,-115
45.04,-0.288414004999364,0.275,7.95651976204256,-0.099,-79,-1163,1,-134
45.08,-0.294518005105171,0.269,7.6562197710237,-0.101,-60,-1237,-22,-157
44.87,-0.300622005210977,0.273,7.35305978009037,-0.103,-35,-1253,-41,-137
44.91,-0.306726005316784,0.274,7.05561978898598,-0.104,4,-1201,-7,-122
44.97,-0.306726005316784,0.279,6.80393979651303,-0.105,-17,-1170,13,-139
44.76,-0.315882005475494,0.298,6.65521980096083,-0.107,-38,-1134,-13,-164
44.78,-0.3219860055813,0.307,6.55511980395455,-0.111,-57,-1088,-32,-142
44.57,-0.337246005845817,0.284,6.35491980994197,-0.113,-72,-1092,-52,-158
44.61,-0.343350005951624,0.26,6.05461981892311,-0.114,-57,-1098,-69,-175
44.69,-0.357084006189689,0.258,5.80579982636463,-0.114,-38,-1093,-52,-189
44.48,-0.372344006454205,0.264,5.5026398354313,-0.114,-10,-1092,-72,-208
44.27,-0.387604006718722,0.273,5.20805984424137,-0.113,19,-1069,-44,-174
44.43,-0.399812006930335,0.276,4.80479985630176,-0.11,44,-1042,-27,-151
44.22,-0.421176007300658,0.261,4.5044998652829,-0.106,19,-1032,-5,-128
44.38,-0.436436007565175,0.255,4.20419987426404,-0.104,2,-1007,15,-142
44.41,-0.448644007776788,0.26,3.90675988315965,-0.103,-20,-984,-2,-153
44.2,-0.463904008041305,0.266,3.60645989214079,-0.102,-37,-835,-20,-115
44.26,-0.476112008252918,0.286,3.30615990112193,-0.102,-50,-754,2,-88
44.36,-0.491372008517435,0.294,3.00585991010307,-0.103,-80,-686,-20,-102
44.28,-0.512736008887758,0.27,2.80279991617603,-0.103,-56,-677,-37,-79
44.36,-0.524944009099371,0.253,2.60831992199238,-0.1,-37,-665,-54,-90
44.32,-0.541730009390339,0.249,2.35663992951944,-0.097,-7,-638,-58,-90
44.15,-0.553938009601953,0.254,2.10781993696095,-0.095,-1,-574,-78,-68
44.24,-0.563094009760663,0.261,1.90475994303391,-0.091,28,-512,-58,-84
44.1,-0.575302009972276,0.25,1.7074199489358,-0.086,4,-455,-36,-57
44.19,-0.584458010130986,0.239,1.65879995038989,-0.081,-11,-407,-20,-37
44.21,-0.584458010130986,0.228,1.65879995038989,-0.079,-10,-349,7,-41
44.23,-0.590562010236793,0.198,1.61017995184398,-0.078,-39,-309,25,-52
44.22,-0.590562010236793,0.182,1.56155995329807,-0.076,-32,-260,7,-70
44.18,-0.590562010236793,0.2,1.46431995620625,-0.072,-56,-217,-10,-52
44.25,-0.590562010236793,0.218,1.36421995919996,-0.069,-74,-176,-5,-68
44.32,-0.596666010342599,0.219,1.21835996356223,-0.067,-105,-181,-27,-88
44.35,-0.596666010342599,0.203,1.0639199681811,-0.065,-128,-199,-46,-68
44.28,-0.596666010342599,0.181,0.915199972628907,-0.06,-110,-213,-22,-44
44.23,-0.596666010342599,0.189,0.863719974168531,-0.055,-82,-184,-2,-21
44.26,-0.596666010342599,0.203,0.81509997562262,-0.05,-64,-141,18,-1
44.29,-0.596666010342599,0.185,0.663519980155958,-0.046,-38,-101,43,-14
44.25,-0.596666010342599,0.161,0.51479998460376,-0.044,-13,-112,24,5
44.28,-0.596666010342599,0.156,0.317459990505652,-0.044,-38,-123,5,24
44.32,-0.596666010342599,0.156,0.114399996578613,-0.044,-55,-130,-13,5
44.38,-0.590562010236793,0.156,-0.08579999743396,-0.043,-69,-147,-35,-13
44.28,-0.575302009972276,0.144,-0.285999991446533,-0.045,-47,-163,-45,12
44.27,-0.569198009866469,0.118,-0.483339985544642,-0.046,-59,-128,-22,0
44.25,-0.553938009601953,0.107,-0.68639997947168,-0.045,-40,-146,0,18
44.26,-0.547834009496146,0.113,-0.886599973484254,-0.043,-20,-118,17,1
44.33,-0.535626009284533,0.116,-1.08679996749683,-0.043,-32,-134,49,6
44.4,-0.524944009099371,0.109,-1.28413996159494,-0.042,-11,-102,71,24
44.26,-0.512736008887758,0.103,-1.48147995569304,-0.04,-28,-81,52,45
44.29,-0.497476008623241,0.1,-1.78463994662637,-0.039,-30,-46,47,40
44.15,-0.485268008411628,0.082,-2.08493993764523,-0.04,-13,-60,27,20
44.01,-0.470008008147111,0.06,-2.28227993174334,-0.042,14,-29,8,39
44.05,-0.454748007882595,0.041,-2.38237992874962,-0.041,52,-35,48,75
44.09,-0.442540007670982,0.024,-2.48533992567038,-0.04,27,-9,66,97
43.95,-0.436436007565175,0.022,-2.53395992421629,-0.039,10,-29,85,78
43.99,-0.421176007300658,0.024,-2.63691992113704,-0.041,1,2,120,75
44.03,-0.415072007194852,0.02,-2.63691992113704,-0.042,-18,27,98,57
43.89,-0.399812006930335,0.015,-2.63691992113704,-0.043,25,23,97,52
43.93,-0.387604006718722,0.012,-2.58543992267666,-0.043,52,16,131,90
43.79,-0.378448006560012,0,-2.58543992267666,-0.042,72,42,114,107
43.83,-0.372344006454205,-0.018,-2.48533992567038,-0.042,103,70,97,124
43.87,-0.372344006454205,-0.035,-2.38237992874962,-0.043,135,59,130,164
43.89,-0.372344006454205,-0.043,-2.33375993020371,-0.043,115,37,115,184
43.9,-0.366240006348399,-0.049,-2.28227993174334,-0.043,87,22,130,164
43.76,-0.366240006348399,-0.054,-2.28227993174334,-0.044,133,11,173,169
43.62,-0.366240006348399,-0.048,-2.23365993319743,-0.044,156,42,156,152
43.48,-0.366240006348399,-0.046,-2.08493993764523,-0.043,184,60,173,138
43.52,-0.366240006348399,-0.049,-1.88473994363266,-0.042,214,92,195,156
43.56,-0.366240006348399,-0.05,-1.63591995107417,-0.041,190,70,191,138
43.6,-0.366240006348399,-0.056,-1.38423995860122,-0.04,175,99,189,171
43.64,-0.357084006189689,-0.059,-1.23551996304902,-0.04,170,95,193,209
43.69,-0.34945400605743,-0.053,-1.23551996304902,-0.041,142,80,176,192
43.74,-0.343350005951624,-0.043,-1.23551996304902,-0.043,125,58,154,172
43.79,-0.328090005687107,-0.039,-1.23551996304902,-0.043,116,93,190,206
43.65,-0.3219860055813,-0.06,-1.28413996159494,-0.04,94,118,207,223
43.66,-0.306726005316784,-0.096,-1.33275996014085,-0.036,123,139,234,252
43.71,-0.300622005210977,-0.102,-1.23551996304902,-0.034,98,167,251,234
43.57,-0.294518005105171,-0.076,-1.18689996450311,-0.034,125,142,237,220
43.62,-0.279258004840654,-0.059,-1.18689996450311,-0.035,157,187,274,222
43.67,-0.267050004629041,-0.062,-1.28413996159494,-0.036,182,168,264,247
43.72,-0.250264004338072,-0.076,-1.23551996304902,-0.036,163,158,247,264
43.58,-0.238056004126459,-0.077,-1.08679996749683,-0.036,143,138,233,250
43.63,-0.222796003861942,-0.062,-0.983839970576075,-0.035,167,116,224,276
43.68,-0.207536003597426,-0.06,-0.886599973484254,-0.033,145,93,242,259
43.73,-0.193802003359361,-0.065,-0.835119975023878,-0.029,133,129,278,261
43.77,-0.187698003253554,-0.061,-0.783639976563502,-0.023,170,121,310,258
43.63,-0.172438002989038,-0.061,-0.68639997947168,-0.016,143,96,328,237
43.68,-0.166334002883231,-0.054,-0.68639997947168,-0.009,174,128,336,266
43.73,-0.157178002724521,-0.04,-0.735019978017591,-0.001,222,178,353,319
43.59,-0.151074002618714,-0.043,-0.835119975023878,0.006,240,206,336,336
43.64,-0.144970002512908,-0.044,-0.935219972030164,0.012,268,224,322,356
43.64,-0.144970002512908,-0.04,-0.835119975023878,0.015,310,265,330,400
43.5,-0.144970002512908,-0.028,-0.68639997947168,0.013,290,290,355,389
43.56,-0.144970002512908,-0.001,-0.483339985544642,0.012,270,270,378,378
43.62,-0.144970002512908,0.009,-0.434719986998731,0.013,268,268,421,387
43.68,-0.144970002512908,0.003,-0.483339985544642,0.015,248,248,439,369
43.74,-0.144970002512908,-0.009,-0.583439982550928,0.019,220,220,424,390
43.8,-0.144970002512908,-0.028,-0.63777998092577,0.024,219,219,436,436
43.86,-0.144970002512908,-0.029,-0.63777998092577,0.027,194,240,419,453
43.9,-0.144970002512908,-0.02,-0.531959984090552,0.032,239,284,423,461
43.76,-0.144970002512908,-0.012,-0.434719986998731,0.039,284,328,480,514
43.82,-0.144970002512908,-0.001,-0.38609998845282,0.046,312,346,497,497
43.88,-0.144970002512908,0,-0.334619989992444,0.049,337,381,487,521
43.94,-0.144970002512908,-0.007,-0.237379992900623,0.049,365,365,475,513
43.97,-0.151074002618714,0.001,-0.134419995979871,0.05,390,346,497,497
44.03,-0.151074002618714,0.013,-0.08579999743396,0.051,362,345,516,478
44.09,-0.157178002724521,0.015,-0.134419995979871,0.053,347,330,500,461
44.15,-0.166334002883231,0.017,-0.188759994354712,0.058,330,347,522,464
44.21,-0.172438002989038,0.007,-0.285999991446533,0.062,302,327,506,487
44.22,-0.172438002989038,-0.004,-0.38609998845282,0.066,330,347,487,506
44.28,-0.187698003253554,-0.002,-0.531959984090552,0.072,302,327,509,526
44.34,-0.187698003253554,0.007,-0.63777998092577,0.077,276,297,526,543
44.4,-0.193802003359361,0.013,-0.583439982550928,0.079,302,327,543,526
44.26,-0.201432003491619,0.009,-0.483339985544642,0.078,327,302,523,506
44.31,-0.207536003597426,0.006,-0.434719986998731,0.078,327,327,503,484
44.37,-0.207536003597426,0.013,-0.38609998845282,0.077,350,350,487,506
44.43,-0.207536003597426,0.013,-0.38609998845282,0.077,330,364,467,525
44.29,-0.216692003756136,0.001,-0.38609998845282,0.075,348,392,491,543
44.35,-0.216692003756136,-0.006,-0.38609998845282,0.073,330,364,506,558
44.41,-0.216692003756136,-0.007,-0.38609998845282,0.074,302,346,523,540
44.47,-0.216692003756136,0.003,-0.38609998845282,0.072,327,327,509,526
44.53,-0.216692003756136,0.017,-0.38609998845282,0.07,346,302,487,506
44.56,-0.216692003756136,0.027,-0.38609998845282,0.069,364,330,503,484
44.6,-0.216692003756136,0.037,-0.334619989992444,0.071,346,302,522,464
44.64,-0.216692003756136,0.027,-0.285999991446533,0.072,325,325,540,488
44.7,-0.216692003756136,0.001,-0.334619989992444,0.072,300,344,517,500
44.72,-0.216692003756136,-0.015,-0.38609998845282,0.07,325,325,497,478
44.77,-0.207536003597426,-0.015,-0.483339985544642,0.065,300,344,472,452
44.63,-0.207536003597426,-0.004,-0.63777998092577,0.06,325,325,497,478
44.69,-0.193802003359361,0.003,-0.68639997947168,0.058,345,345,517,500
44.55,-0.187698003253554,0.003,-0.783639976563502,0.059,328,362,540,523
44.61,-0.178542003094844,-0.004,-0.783639976563502,0.06,300,344,523,540
44.67,-0.172438002989038,-0.008,-0.783639976563502,0.06,330,364,506,558
44.73,-0.172438002989038,-0.002,-0.783639976563502,0.059,350,350,497,549
44.79,-0.166334002883231,-0.004,-0.783639976563502,0.057,330,330,473,531
44.85,-0.157178002724521,-0.007,-0.935219972030164,0.056,350,350,490,509
44.91,-0.157178002724521,-0.002,-1.03245996912199,0.059,367,333,512,529
44.97,-0.151074002618714,0.001,-1.03245996912199,0.061,395,351,529,512
44.83,-0.151074002618714,0.004,-0.983839970576075,0.063,376,342,522,539
44.9,-0.151074002618714,0.002,-0.935219972030164,0.063,401,317,539,522
44.97,-0.144970002512908,-0.007,-0.835119975023878,0.062,376,342,519,500
45.04,-0.144970002512908,-0.012,-0.783639976563502,0.063,359,359,542,525
45.11,-0.144970002512908,-0.003,-0.783639976563502,0.064,339,339,525,506
45.18,-0.144970002512908,0.009,-0.886599973484254,0.065,314,358,506,525
45.25,-0.144970002512908,0.009,-0.983839970576075,0.066,297,342,494,552
45.11,-0.138866002407101,-0.006,-0.983839970576075,0.068,276,322,503,542
45.18,-0.138866002407101,-0.007,-0.886599973484254,0.071,304,349,526,564
45.25,-0.128184002221939,0.012,-0.783639976563502,0.075,324,324,545,545
45.32,-0.128184002221939,0.006,-0.63777998092577,0.076,358,358,571,533
45.39,-0.128184002221939,-0.017,-0.583439982550928,0.075,330,330,571,513
45.46,-0.122080002116133,-0.025,-0.434719986998731,0.073,367,367,598,546
45.53,-0.122080002116133,-0.035,-0.285999991446533,0.073,393,393,628,576
45.59,-0.115976002010326,-0.055,-0.134419995979871,0.075,373,373,608,593
45.6,-0.115976002010326,-0.061,-0.034319998973584,0.076,393,393,591,610
45.64,-0.115976002010326,-0.048,0.0142999995723267,0.079,384,418,579,615
45.5,-0.106820001851616,-0.037,0.114399996578613,0.082,401,401,557,597
45.57,-0.106820001851616,-0.027,0.165879995038989,0.084,424,424,555,628
45.64,-0.106820001851616,-0.027,0.2144999935849,0.087,407,407,584,622
45.65,-0.106820001851616,-0.034,0.317459990505652,0.09,424,390,601,603
45.72,-0.106820001851616,-0.013,0.366079989051563,0.089,413,369,584,622
45.58,-0.106820001851616,0.018,0.366079989051563,0.088,394,349,609,609
45.65,-0.106820001851616,0.025,0.366079989051563,0.087,369,369,629,612
45.72,-0.106820001851616,0.044,0.417559987511939,0.088,349,349,622,637
45.74,-0.106820001851616,0.058,0.466179986057849,0.09,381,381,650,631
45.81,-0.106820001851616,0.038,0.366079989051563,0.093,409,409,633,648
45.88,-0.106820001851616,0.018,0.165879995038989,0.095,384,428,650,633
45.89,-0.106820001851616,0.009,-0.134419995979871,0.095,412,446,630,611
45.96,-0.106820001851616,0.009,-0.38609998845282,0.096,429,429,650,633
45.98,-0.106820001851616,0.017,-0.583439982550928,0.097,419,453,673,656
46.05,-0.106820001851616,0.009,-0.735019978017591,0.098,443,487,665,682
46.12,-0.106820001851616,-0.006,-0.783639976563502,0.099,425,459,648,665
45.98,-0.106820001851616,-0.007,-0.783639976563502,0.099,397,441,626,645
46.05,-0.106820001851616,0.011,-0.63777998092577,0.098,433,433,664,681
45.91,-0.106820001851616,0.022,-0.38609998845282,0.099,453,453,642,661
45.77,-0.106820001851616,0.002,-0.237379992900623,0.103,473,473,661,642
45.84,-0.106820001851616,-0.009,-0.134419995979871,0.105,504,504,645,664
45.91,-0.106820001851616,-0.007,-0.134419995979871,0.107,476,476,625,683
45.98,-0.106820001851616,-0.02,-0.188759994354712,0.106,456,456,649,701
46.05,-0.106820001851616,-0.032,-0.237379992900623,0.105,436,436,667,684
46.12,-0.106820001851616,-0.007,-0.237379992900623,0.106,408,408,684,667
46.19,-0.115976002010326,0.03,-0.188759994354712,0.106,385,385,707,653
46.26,-0.122080002116133,0.055,-0.188759994354712,0.107,405,405,683,623
46.33,-0.122080002116133,0.05,-0.237379992900623,0.107,433,433,658,598
46.4,-0.122080002116133,0.02,-0.434719986998731,0.108,414,458,645,583
46.47,-0.128184002221939,-0.004,-0.63777998092577,0.11,436,436,658,600
46.54,-0.128184002221939,-0.011,-0.735019978017591,0.112,411,455,683,625
46.61,-0.128184002221939,-0.006,-0.783639976563502,0.115,391,470,664,645
46.47,-0.128184002221939,-0.017,-0.783639976563502,0.115,372,501,658,677
46.33,-0.128184002221939,-0.035,-0.483339985544642,0.112,400,524,678,697
46.4,-0.128184002221939,-0.038,-0.134419995979871,0.11,426,510,702,721
46.47,-0.128184002221939,-0.037,0.114399996578613,0.109,455,489,729,750
46.54,-0.138866002407101,-0.046,0.165879995038989,0.111,472,472,705,724
46.61,-0.138866002407101,-0.044,0.0657799980327027,0.111,489,455,688,707
46.68,-0.138866002407101,-0.019,-0.08579999743396,0.109,517,433,678,697
46.75,-0.138866002407101,0.019,-0.08579999743396,0.108,489,410,652,672
46.61,-0.138866002407101,0.039,-0.034319998973584,0.108,517,433,678,695
46.68,-0.138866002407101,0.025,-0.034319998973584,0.111,534,410,690,705
46.75,-0.138866002407101,0.012,-0.08579999743396,0.114,514,430,707,690
46.82,-0.138866002407101,0.006,-0.237379992900623,0.113,479,445,714,697
46.89,-0.138866002407101,-0.006,-0.38609998845282,0.112,445,445,665,648
46.96,-0.138866002407101,-0.024,-0.531959984090552,0.111,428,462,645,626
47.03,-0.138866002407101,-0.033,-0.531959984090552,0.109,397,441,620,600
47.1,-0.138866002407101,-0.002,-0.531959984090552,0.106,368,413,585,566
47.17,-0.138866002407101,0.045,-0.531959984090552,0.105,384,384,608,586
47.03,-0.138866002407101,0.04,-0.583439982550928,0.109,361,406,630,609
46.89,-0.138866002407101,-0.001,-0.583439982550928,0.115,384,428,647,630
46.96,-0.138866002407101,-0.028,-0.483339985544642,0.117,412,446,628,647
47.03,-0.138866002407101,-0.04,-0.483339985544642,0.114,429,429,610,664
47.1,-0.138866002407101,-0.037,-0.583439982550928,0.105,446,412,588,646
47.17,-0.138866002407101,-0.039,-0.783639976563502,0.097,428,384,608,627
47.03,-0.138866002407101,-0.048,-0.886599973484254,0.096,406,361,631,650
47.1,-0.138866002407101,-0.024,-0.783639976563502,0.102,388,388,654,673
47.17,-0.138866002407101,0.003,-0.583439982550928,0.109,368,413,676,695
47.24,-0.138866002407101,-0.001,-0.38609998845282,0.109,391,435,695,676
47.31,-0.138866002407101,-0.018,-0.134419995979871,0.102,425,425,685,668
47.38,-0.138866002407101,-0.025,0.0657799980327027,0.095,444,400,668,651
47.45,-0.138866002407101,-0.014,0.0657799980327027,0.093,464,430,658,639
47.52,-0.138866002407101,-0.011,-0.034319998973584,0.096,453,453,658,619
47.59,-0.138866002407101,-0.025,-0.188759994354712,0.1,436,470,637,639
47.66,-0.138866002407101,-0.027,-0.285999991446533,0.102,411,455,662,664
47.73,-0.138866002407101,0.002,-0.334619989992444,0.102,436,436,684,684
47.8,-0.138866002407101,0.028,-0.38609998845282,0.101,408,408,704,704
47.66,-0.138866002407101,0.027,-0.434719986998731,0.1,436,436,684,684
47.73,-0.138866002407101,0.009,-0.483339985544642,0.101,456,456,670,670
47.8,-0.138866002407101,-0.014,-0.434719986998731,0.102,476,476,651,689
47.87,-0.138866002407101,-0.033,-0.285999991446533,0.103,501,457,671,673
47.94,-0.138866002407101,-0.017,-0.188759994354712,0.102,473,439,693,693
48.01,-0.138866002407101,0,-0.188759994354712,0.101,455,411,710,676
48.08,-0.138866002407101,-0.009,-0.188759994354712,0.101,436,436,693,693
48.15,-0.138866002407101,-0.035,-0.188759994354712,0.101,408,433,662,664
48.21,-0.138866002407101,-0.058,-0.188759994354712,0.101,433,408,681,645
48.21,-0.138866002407101,-0.048,-0.134419995979871,0.1,453,436,659,661
48.07,-0.138866002407101,-0.004,-0.134419995979871,0.1,436,453,639,639
48.14,-0.138866002407101,0.014,-0.188759994354712,0.099,408,433,661,661
48.21,-0.138866002407101,-0.001,-0.285999991446533,0.098,382,403,639,639
48.27,-0.138866002407101,-0.03,-0.334619989992444,0.098,408,433,661,661
48.34,-0.138866002407101,-0.048,-0.237379992900623,0.096,408,452,678,642
48.41,-0.138866002407101,-0.029,-0.188759994354712,0.094,385,430,695,622
48.47,-0.138866002407101,-0.001,-0.188759994354712,0.091,408,452,680,642
48.5,-0.138866002407101,0.002,-0.188759994354712,0.089,436,470,661,661
48.36,-0.138866002407101,-0.006,-0.134419995979871,0.09,454,498,642,680
48.43,-0.138866002407101,-0.006,-0.188759994354712,0.092,473,498,622,695
48.5,-0.138866002407101,-0.014,-0.334619989992444,0.094,453,470,642,680
48.57,-0.138866002407101,-0.037,-0.434719986998731,0.093,470,453,664,698
48.58,-0.138866002407101,-0.046,-0.531959984090552,0.091,447,430,673,675
48.65,-0.138866002407101,-0.038,-0.531959984090552,0.092,464,405,690,658
48.72,-0.138866002407101,-0.017,-0.531959984090552,0.094,442,425,664,626
48.79,-0.144970002512908,-0.009,-0.483339985544642,0.095,419,436,670,597
48.82,-0.151074002618714,-0.022,-0.38609998845282,0.094,391,416,655,617
48.89,-0.172438002989038,-0.02,-0.285999991446533,0.092,358,379,630,630
48.75,-0.178542003094844,-0.014,-0.237379992900623,0.091,379,358,611,649
48.82,-0.201432003491619,-0.029,-0.237379992900623,0.091,409,384,633,667
48.89,-0.222796003861942,-0.039,-0.334619989992444,0.09,384,409,650,650
48.75,-0.244160004232266,-0.033,-0.38609998845282,0.089,403,420,656,639
48.82,-0.267050004629041,-0.022,-0.434719986998731,0.088,420,437,639,622
48.89,-0.294518005105171,-0.013,-0.334619989992444,0.087,431,414,640,623
48.96,-0.3219860055813,-0.014,-0.188759994354712,0.086,449,405,614,597
48.82,-0.34945400605743,-0.009,-0.134419995979871,0.085,421,387,594,575
48.68,-0.378448006560012,0.012,-0.134419995979871,0.084,449,405,613,555
48.75,-0.405916007036142,0.028,-0.188759994354712,0.083,413,413,573,554
48.76,-0.442540007670982,0.011,-0.285999991446533,0.083,393,393,573,573
48.83,-0.476112008252918,-0.018,-0.334619989992444,0.081,410,376,554,592
48.9,-0.512736008887758,-0.03,-0.38609998845282,0.08,386,342,528,586
48.95,-0.547834009496146,-0.032,-0.483339985544642,0.079,367,367,552,604
49.02,-0.590562010236793,-0.025,-0.63777998092577,0.078,330,374,548,600
49.08,-0.631764010950987,-0.033,-0.835119975023878,0.076,294,373,540,598
49.15,-0.671440011638731,-0.058,-0.935219972030164,0.074,317,401,520,574
49.22,-0.720272012485184,-0.062,-0.983839970576075,0.073,339,373,502,556
49.08,-0.769104013331637,-0.054,-1.08679996749683,0.072,345,345,456,516
49.13,-0.825566014310348,-0.049,-1.23551996304902,0.071,365,365,478,497
49.19,-0.87287201513035,-0.046,-1.38423995860122,0.07,381,337,484,465
49.25,-0.92780801608261,-0.059,-1.53581995406788,0.067,346,312,495,480
49.31,-0.987322017114224,-0.081,-1.63591995107417,0.063,328,284,475,458
49.36,-1.04836201817229,-0.09,-1.78463994662637,0.058,300,300,478,422
49.22,-1.11092801925681,-0.069,-1.88473994363266,0.056,259,303,474,424
49.28,-1.16891602026197,-0.039,-1.98769994055341,0.056,236,281,494,442
49.31,-1.23606002142585,-0.029,-2.1364199361056,0.056,205,251,515,457
49.31,-1.30320402258972,-0.046,-2.33375993020371,0.056,225,270,481,462
49.37,-1.37034802375359,-0.08,-2.53395992421629,0.057,248,292,463,484
49.43,-1.43596602489101,-0.1,-2.63691992113704,0.058,270,304,427,446
49.29,-1.50768802613424,-0.09,-2.88859991360999,0.058,266,310,385,404
49.35,-1.57330602727166,-0.061,-3.18317990479992,0.056,285,285,404,421
49.21,-1.64960602859425,-0.065,-3.48633989573324,0.053,260,304,370,387
49.27,-1.72132802983747,-0.114,-3.68367988983135,0.051,223,259,335,389
49.33,-1.79152403105425,-0.138,-3.63505989128544,0.047,240,242,311,371
49.19,-1.86172003227103,-0.113,-3.68367988983135,0.044,220,222,331,352
49.05,-1.92428603335554,-0.093,-3.88673988375839,0.041,239,239,343,362
49.11,-1.99448203457232,-0.112,-4.18131987494832,0.039,254,222,360,379
49.17,-2.06010003570974,-0.174,-4.53309986442756,0.037,282,240,343,397
49.23,-2.13640003703232,-0.233,-4.7847798569005,0.033,247,215,313,406
49.28,-2.2065960382491,-0.239,-4.9334998524527,0.028,229,187,331,385
49.33,-2.28137003954523,-0.212,-5.0822198480049,0.025,210,212,348,367
49.19,-2.35767004086782,-0.177,-5.23665984338603,0.024,189,235,371,356
49.24,-2.4370220422433,-0.137,-5.48261983603005,0.022,217,253,389,339
49.29,-2.51942604367169,-0.106,-5.734299828503,0.02,188,274,365,315
49.34,-2.58962204488847,-0.112,-5.88301982405519,0.018,216,297,347,291
49.39,-2.6674480462375,-0.142,-6.08607981798223,0.016,231,277,328,311
49.44,-2.73764404745428,-0.171,-6.43213980763254,0.014,241,243,343,328
49.49,-2.80784004867106,-0.195,-6.88401979411806,0.016,212,214,304,323
49.54,-2.87956204991428,-0.207,-7.28155978222874,0.015,192,194,282,303
49.59,-2.95586205123687,-0.197,-7.63333977170798,0.014,164,166,256,278
49.45,-3.02758405248009,-0.187,-7.83639976563502,0.014,137,184,276,297
49.5,-3.08862405353816,-0.174,-7.98511976118721,0.015,160,206,298,317
49.55,-3.16034605478139,-0.16,-8.18245975528532,0.017,179,215,299,318
49.6,-3.22596405591881,-0.167,-8.38551974921236,0.018,191,193,308,329
49.65,-3.28853005700333,-0.191,-8.43413974775827,0.017,211,213,288,307
49.51,-3.36025205824656,-0.214,-8.58285974331047,0.014,227,185,293,278
49.52,-3.42434405935753,-0.238,-8.78591973723751,0.012,193,161,266,285
49.52,-3.48691006044204,-0.266,-8.93463973278971,0.011,175,134,286,307
49.38,-3.55252806157947,-0.275,-8.98325973133561,0.01,156,159,311,334
49.24,-3.61509406266398,-0.263,-9.03187972988153,0.01,165,124,325,346
49.29,-3.68834206393366,-0.268,-9.03187972988153,0.009,183,152,344,327
49.34,-3.75396006507108,-0.276,-9.13197972688781,0.007,205,164,310,293
49.39,-3.8165260661556,-0.256,-9.23493972380856,0.003,174,176,276,259
49.44,-3.88214406729302,-0.228,-9.38365971936076,0.001,155,201,254,239
49.49,-3.94013206829819,-0.206,-9.48375971636705,0.002,137,218,230,215
49.54,-4.00575006943561,-0.205,-9.53237971491296,0.003,101,187,201,184
49.4,-4.05610807030851,-0.229,-9.63819971174818,0.005,78,159,176,158
49.45,-4.11409607131368,-0.266,-9.83553970584629,0.004,50,142,201,184
49.5,-4.17055807229239,-0.278,-10.1844596954111,0.001,69,117,209,195
49.36,-4.22091607316529,-0.258,-10.5362396848903,-0.001,92,138,192,211
49.41,-4.2712740740382,-0.244,-10.8822996745406,-0.001,117,153,205,224
49.44,-4.32315807493755,-0.24,-11.2826996625657,0,127,129,216,237
49.49,-4.36741207570465,-0.237,-11.7317196491368,0,147,149,241,263
49.54,-4.41929607660401,-0.247,-12.0320196401557,0.001,128,174,211,232
49.4,-4.45286807718595,-0.27,-12.335179631089,0,141,144,188,207
49.45,-4.5047520780853,-0.28,-12.5325196251871,0,166,125,171,191
49.5,-4.55511007895821,-0.27,-12.78419961766,-0.001,141,110,152,174
49.36,-4.60089007975176,-0.256,-12.9843996116726,-0.001,121,106,143,183
49.41,-4.65124808062466,-0.259,-13.1331196072248,-0.001,104,123,165,201
49.46,-4.70313208152402,-0.264,-13.1817396057707,0,70,116,179,181
49.32,-4.75501608242337,-0.268,-13.2846996026915,-0.001,92,95,193,161
49.34,-4.80537408329628,-0.285,-13.2846996026915,-0.002,112,115,211,144
49.2,-4.85725808419564,-0.306,-13.2846996026915,-0.003,132,135,235,165
49.23,-4.90914208509499,-0.298,-13.2360796041456,-0.003,153,156,202,167
49.27,-4.96713008610015,-0.265,-13.2360796041456,-0.002,176,179,183,185
49.31,-5.01901408699951,-0.253,-13.2846996026915,-0.002,155,203,163,165
49.17,-5.08005408805758,-0.282,-13.2846996026915,-0.003,128,176,140,143
49.2,-5.13193808895693,-0.298,-13.1817396057707,-0.004,106,153,160,163
49.06,-5.18382208985629,-0.292,-13.0844996086789,-0.004,82,119,174,177
49.1,-5.22502409057049,-0.297,-13.0330196102185,-0.005,51,98,196,199
49.14,-5.27080409136404,-0.298,-13.0844996086789,-0.004,76,79,174,177
49.18,-5.31658409215759,-0.297,-13.0844996086789,-0.005,95,54,154,157
49.22,-5.35931209289823,-0.307,-12.9329196132122,-0.006,105,29,123,126
49.08,-5.39746209355952,-0.302,-12.78419961766,-0.008,133,52,101,104
49.08,-5.44019009430017,-0.286,-12.6812396207393,-0.008,156,80,117,120
48.94,-5.47986609498791,-0.29,-12.6326196221934,-0.007,178,92,134,137
48.98,-5.5149640955963,-0.298,-12.6326196221934,-0.007,153,111,154,157
49.02,-5.54548409612533,-0.307,-12.6326196221934,-0.008,130,133,166,131
49.06,-5.57753009668082,-0.308,-12.6326196221934,-0.009,105,153,144,113
48.92,-5.6065240971834,-0.296,-12.6812396207393,-0.011,83,130,126,91
48.96,-5.64314809781824,-0.287,-12.7298596192852,-0.013,65,102,141,71
49,-5.68282409850598,-0.286,-12.8842996146663,-0.014,34,81,123,88
48.86,-5.71181809900856,-0.284,-13.0844996086789,-0.015,59,62,104,107
48.9,-5.74844209964341,-0.276,-13.1331196072248,-0.015,78,37,121,124
48.94,-5.77743610014599,-0.255,-13.1817396057707,-0.014,87,55,132,134
48.98,-5.80643010064857,-0.261,-13.2360796041456,-0.013,70,72,113,153
48.84,-5.84610610133631,-0.297,-13.3361796011519,-0.013,90,93,95,171
48.88,-5.87662610186534,-0.307,-13.4334195982437,-0.014,71,118,109,189
48.92,-5.91172410247373,-0.306,-13.4334195982437,-0.016,56,138,91,167
48.96,-5.94529610305567,-0.307,-13.4334195982437,-0.018,71,118,106,147
48.82,-5.96513410339954,-0.297,-13.4334195982437,-0.021,83,86,116,119
48.84,-5.98802410379632,-0.308,-13.5306595953355,-0.02,108,67,96,99
48.88,-6.00481010408728,-0.334,-13.6850995907166,-0.019,122,46,112,81
48.92,-6.02770010448406,-0.339,-13.8852995847292,-0.018,99,18,94,59
48.96,-6.03380410458987,-0.34,-14.1369795772021,-0.02,74,43,75,78
48.82,-6.05059010488083,-0.354,-14.4315595683921,-0.022,56,15,56,97
48.68,-6.05669410498664,-0.333,-14.683239560865,-0.023,34,37,74,111
48.72,-6.07042810522471,-0.297,-14.7347195593254,-0.024,9,56,91,94
48.58,-6.08111010540987,-0.281,-14.7347195593254,-0.024,34,71,99,68
48.6,-6.08111010540987,-0.261,-14.7347195593254,-0.024,52,98,114,47
48.46,-6.08111010540987,-0.263,-14.6346195623191,-0.025,74,121,138,68
48.5,-6.08111010540987,-0.295,-14.5831395638587,-0.025,101,150,118,83
48.5,-6.08111010540987,-0.321,-14.5831395638587,-0.026,125,128,105,108
48.54,-6.08111010540987,-0.36,-14.5831395638587,-0.026,102,105,86,127
48.58,-6.08111010540987,-0.392,-14.6346195623191,-0.026,74,77,71,147
48.58,-6.08111010540987,-0.386,-14.8348195563317,-0.026,54,57,56,129
48.61,-6.07042810522471,-0.383,-15.0864995488046,-0.027,71,40,74,111
48.64,-6.05669410498664,-0.378,-15.3324595414487,-0.028,56,15,95,98
48.5,-6.04143410472212,-0.353,-15.4840395369153,-0.03,31,-11,108,77
48.36,-6.03380410458987,-0.333,-15.4840395369153,-0.031,6,9,126,59
48.39,-6.01091410419309,-0.308,-15.4296995385405,-0.032,34,37,150,80
48.41,-6.00481010408728,-0.282,-15.4296995385405,-0.033,6,52,114,47
48.27,-5.99718010395503,-0.306,-15.3324595414487,-0.034,34,71,96,65
48.3,-5.98802410379632,-0.357,-15.1837395458965,-0.036,52,99,79,82
48.16,-5.98192010369051,-0.386,-14.9806795519694,-0.039,68,116,56,93
48.19,-5.96513410339954,-0.41,-14.8348195563317,-0.041,95,144,74,115
48.22,-5.95903010329373,-0.416,-14.8834395548776,-0.041,111,114,86,89
48.25,-5.94529610305567,-0.391,-15.1351195473506,-0.039,88,91,105,70
48.28,-5.9285101027647,-0.369,-15.4840395369153,-0.037,60,63,83,52
48.31,-5.90562010236793,-0.345,-15.881579525026,-0.035,40,43,65,30
48.34,-5.88273010197115,-0.316,-16.2304995145908,-0.033,20,23,43,7
48.36,-5.85984010157438,-0.298,-16.4335595085178,-0.033,-8,-5,24,27
48.22,-5.84000210123051,-0.279,-16.5336595055241,-0.033,20,22,43,46
48.08,-5.80643010064857,-0.27,-16.5336595055241,-0.034,40,42,63,66
48.12,-5.79422210043696,-0.296,-16.4850395069782,-0.033,60,63,83,86
48.16,-5.77133210004018,-0.348,-16.3305995115971,-0.033,85,44,105,108
48.2,-5.75454609974921,-0.394,-16.133259517499,-0.034,60,63,128,131
48.06,-5.73470809940534,-0.394,-16.0331595204927,-0.036,41,88,108,150
48.1,-5.71792209911437,-0.378,-15.9359195234008,-0.037,23,60,86,128
48.12,-5.71181809900856,-0.386,-15.9845395219468,-0.036,37,40,58,99
47.98,-5.70266209884986,-0.376,-16.0331595204927,-0.033,37,57,40,77
48.02,-5.6950320987176,-0.355,-16.0331595204927,-0.031,20,82,54,57
48.06,-5.68892809861179,-0.358,-15.881579525026,-0.032,37,57,34,37
47.92,-5.68892809861179,-0.344,-15.7328595294738,-0.035,54,40,12,15
47.96,-5.68892809861179,-0.327,-15.5841395339216,-0.036,30,50,31,-5
47.82,-5.68282409850598,-0.342,-15.3810795399946,-0.036,47,33,53,18
47.82,-5.68282409850598,-0.339,-15.2323595444424,-0.036,72,16,71,40
47.85,-5.68282409850598,-0.328,-15.1837395458965,-0.037,95,34,93,58
47.88,-5.68282409850598,-0.348,-15.2323595444424,-0.038,126,59,107,71
47.74,-5.68282409850598,-0.357,-15.2809795429883,-0.039,98,56,87,90
47.77,-5.68282409850598,-0.359,-15.3324595414487,-0.04,78,81,68,110
47.8,-5.68282409850598,-0.374,-15.2809795429883,-0.039,47,50,44,85
47.8,-5.68282409850598,-0.364,-15.3810795399946,-0.037,27,30,26,63
47.66,-5.68282409850598,-0.347,-15.5326595354612,-0.036,7,10,26,46
47.52,-5.68282409850598,-0.349,-15.635619532382,-0.034,-21,26,1,23
47.55,-5.68282409850598,-0.338,-15.6842395309279,-0.033,7,44,-25,-2
47.57,-5.68282409850598,-0.324,-15.5841395339216,-0.034,-24,63,-2,20
47.43,-5.68282409850598,-0.332,-15.4296995385405,-0.036,-2,60,10,30
47.46,-5.68282409850598,-0.339,-15.3810795399946,-0.038,15,35,27,47
47.49,-5.68282409850598,-0.338,-15.3810795399946,-0.039,32,18,47,69
47.35,-5.68282409850598,-0.357,-15.4840395369153,-0.038,54,-2,66,50
47.38,-5.68282409850598,-0.386,-15.635619532382,-0.037,77,16,44,30
47.24,-5.68282409850598,-0.385,-15.7814795280197,-0.037,54,-2,24,44
47.27,-5.68282409850598,-0.361,-15.9359195234008,-0.037,26,12,-2,18
47.29,-5.68282409850598,-0.343,-16.0331595204927,-0.036,9,29,15,35
47.15,-5.68282409850598,-0.329,-16.0331595204927,-0.035,29,57,32,18
47.18,-5.68282409850598,-0.329,-15.9845395219468,-0.034,3,70,51,35
47.21,-5.68282409850598,-0.339,-15.9845395219468,-0.033,22,50,32,54
47.07,-5.68282409850598,-0.337,-15.9359195234008,-0.034,-1,19,2,22
47.1,-5.68282409850598,-0.333,-15.8329595264801,-0.037,-21,-1,-15,5
47.13,-5.68282409850598,-0.349,-15.7814795280197,-0.04,-4,-18,2,-12
46.99,-5.68892809861179,-0.37,-15.7328595294738,-0.041,13,-1,13,-18
47.02,-5.68892809861179,-0.378,-15.635619532382,-0.041,40,18,34,-1
47.05,-5.68892809861179,-0.373,-15.5841395339216,-0.041,66,48,57,21
46.91,-5.68892809861179,-0.36,-15.635619532382,-0.041,40,18,76,2
46.92,-5.68892809861179,-0.349,-15.6842395309279,-0.041,15,18,57,21
46.95,-5.68892809861179,-0.353,-15.7328595294738,-0.042,-4,43,37,40
46.81,-5.68892809861179,-0.352,-15.7328595294738,-0.043,-22,15,18,60
46.85,-5.68892809861179,-0.348,-15.7328595294738,-0.044,-50,-3,-5,36
46.92,-5.68892809861179,-0.35,-15.635619532382,-0.046,-22,15,-23,14
46.99,-5.68892809861179,-0.342,-15.4840395369153,-0.047,-5,-2,-45,-4
47.06,-5.68892809861179,-0.344,-15.3324595414487,-0.048,11,-3,-26,-23
47.13,-5.68892809861179,-0.357,-15.1837395458965,-0.049,36,-20,-6,-3
47.2,-5.68892809861179,-0.353,-15.1837395458965,-0.048,56,-45,8,11
47.27,-5.68892809861179,-0.357,-15.3324595414487,-0.048,36,-20,36,39
47.25,-5.68892809861179,-0.366,-15.5841395339216,-0.049,11,-3,17,59
47.17,-5.68892809861179,-0.35,-15.8329595264801,-0.049,-6,14,-2,78
47.15,-5.68892809861179,-0.354,-15.9359195234008,-0.05,-23,39,11,53
47.21,-5.68892809861179,-0.366,-15.9845395219468,-0.05,-20,62,30,33
47.16,-5.68892809861179,-0.353,-16.133259517499,-0.05,-48,84,8,11
47.23,-5.68892809861179,-0.352,-16.2791195131367,-0.05,-19,63,-5,-2
47.21,-5.68892809861179,-0.365,-16.4335595085178,-0.052,-47,60,-25,-22
47.24,-5.68892809861179,-0.384,-16.5851395039845,-0.054,-22,40,-6,-41
47.29,-5.68892809861179,-0.412,-16.833959496543,-0.057,-7,14,-35,-71
47.34,-5.68892809861179,-0.427,-17.0827794891014,-0.059,10,-3,-54,-51
47.38,-5.67214209832082,-0.434,-17.3859394800348,-0.062,-6,15,-45,-23
47.32,-5.66603809821502,-0.445,-17.7348594695995,-0.063,-23,40,-22,-2
47.18,-5.64925209792405,-0.452,-18.1323994577102,-0.064,-6,15,-5,15
47.04,-5.62941409758018,-0.458,-18.5327994457354,-0.063,11,-2,15,37
46.93,-5.6065240971834,-0.455,-18.930339433846,-0.063,35,-20,27,11
47,-5.58973809689243,-0.445,-19.2334994247794,-0.063,55,-45,47,-8
47.07,-5.56837409652211,-0.449,-19.4794594174234,-0.063,36,-19,33,17
47.14,-5.54548409612533,-0.455,-19.6825194113504,-0.064,10,-3,14,36
47.21,-5.53175009588727,-0.462,-19.7311394098963,-0.067,-7,14,-6,14
47.28,-5.50886009549049,-0.488,-19.7311394098963,-0.068,-27,36,-30,-9
47.35,-5.48597009509372,-0.528,-19.5852794142586,-0.068,-5,63,-45,-22
47.34,-5.45697609459114,-0.538,-19.3822194203316,-0.067,14,43,-26,-41
47.34,-5.42798209408856,-0.514,-19.2821194233253,-0.065,-6,15,-6,-19
47.2,-5.39746209355952,-0.486,-19.2821194233253,-0.062,11,-2,11,-2
47.27,-5.35931209289823,-0.47,-19.3335994217857,-0.06,36,-19,33,18
47.22,-5.31658409215759,-0.458,-19.3822194203316,-0.06,58,-2,8,30
47.18,-5.27080409136404,-0.449,-19.3822194203316,-0.06,39,18,-5,56
47.04,-5.21892009046468,-0.443,-19.3822194203316,-0.06,14,43,14,36
46.92,-5.16093208945952,-0.442,-19.3822194203316,-0.06,-5,43,39,62
46.78,-5.09989208840145,-0.443,-19.3335994217857,-0.059,-24,14,53,36
46.78,-5.03427408726403,-0.444,-19.3335994217857,-0.058,-7,-3,75,59
46.73,-4.97628608625886,-0.434,-19.3335994217857,-0.058,10,-20,53,36
46.67,-4.90303808498919,-0.422,-19.3822194203316,-0.057,39,-1,33,17
46.67,-4.83436808379886,-0.429,-19.4794594174234,-0.057,59,-16,11,-3
46.62,-4.77027608268789,-0.436,-19.5852794142586,-0.055,39,-1,-6,-20
46.61,-4.69702808141821,-0.431,-19.7797594084423,-0.055,13,17,-29,-9
46.6,-4.62988408025434,-0.422,-19.9856794022838,-0.055,-6,42,-12,8
46.56,-4.55511007895821,-0.413,-20.08577939929,-0.053,-20,62,14,36
46.59,-4.49101807784724,-0.407,-20.1830193963819,-0.051,-4,43,-6,14
46.63,-4.42540007670982,-0.399,-20.3317393919341,-0.051,15,18,-23,-3
46.65,-4.35215207544014,-0.395,-20.4346993888548,-0.052,-5,-2,-6,-20
46.72,-4.28806007432917,-0.392,-20.6320393829529,-0.053,-32,-29,-5,-54
46.75,-4.22091607316529,-0.387,-20.7836193784196,-0.056,-13,-54,13,-75
46.7,-4.15835007208077,-0.38,-20.8865793753403,-0.057,-26,-23,5,-44
46.65,-4.0912060709169,-0.376,-21.0324393709781,-0.056,-54,-7,23,-26
46.51,-4.02406206975303,-0.383,-21.1811593665303,-0.055,-26,11,5,-9
46.44,-3.96760006877432,-0.383,-21.4328393590032,-0.053,-8,39,-12,8
46.39,-3.91113806779561,-0.383,-21.6330393530158,-0.051,-2,1,-45,10
46.37,-3.85467606681689,-0.397,-21.6816593515617,-0.05,23,-18,-63,31
46.38,-3.79516206578528,-0.408,-21.7302793501076,-0.051,8,-23,-26,69
46.24,-3.73259606470076,-0.407,-21.7846193484825,-0.053,20,-61,-27,34
46.23,-3.6715560636427,-0.395,-21.9333393440346,-0.053,43,-33,-8,14
46.3,-3.60899006255818,-0.383,-22.0820593395868,-0.053,23,-18,11,-5
46.16,-3.54337206142076,-0.384,-22.0820593395868,-0.054,-2,1,25,-30
46.13,-3.48691006044204,-0.376,-22.0305793411265,-0.055,-21,26,1,-48
46.13,-3.42434405935753,-0.36,-21.8847193454887,-0.054,-5,43,-8,-43
46.16,-3.36635605835236,-0.361,-21.6816593515617,-0.052,-27,20,-27,-24
46.13,-3.30379005726784,-0.379,-21.5815593545554,-0.051,-8,-5,-47,-44
46.14,-3.23817205613042,-0.391,-21.6330393530158,-0.053,17,-24,-67,-64
46,-3.17560605504591,-0.386,-21.6816593515617,-0.055,-11,-42,-47,-44
45.87,-3.11151405393494,-0.379,-21.7302793501076,-0.055,-28,-25,-27,-24
45.66,-3.03979205269171,-0.38,-21.6816593515617,-0.054,-14,-11,-8,-5
45.45,-2.97722605160719,-0.373,-21.530079356095,-0.054,14,17,15,-2
45.24,-2.91923805060203,-0.365,-21.3355993619114,-0.055,37,40,34,-21
45.04,-2.86430204964977,-0.364,-21.1811593665303,-0.057,62,19,9,-46
45.07,-2.81394404877686,-0.366,-20.9838193724322,-0.056,34,-8,-15,-64
44.94,-2.7590080478246,-0.378,-20.7836193784196,-0.057,10,-30,-33,-47
44.93,-2.71017604697815,-0.369,-20.583419384407,-0.059,-52,-48,-50,-30
44.78,-2.6613440461317,-0.354,-20.4346993888548,-0.059,-106,-33,-67,-12
44.63,-2.61251204528524,-0.358,-20.3317393919341,-0.058,-204,-14,-63,12
44.6,-2.56825804451814,-0.371,-20.134399397836,-0.057,-278,11,-53,37
44.45,-2.5255300437775,-0.379,-19.9313394039089,-0.057,-368,-17,-61,37
44.24,-2.47669804293105,-0.38,-19.8312394069026,-0.057,-429,11,-95,18
44.33,-2.4370220422433,-0.386,-19.7311394098963,-0.058,-479,-11,-86,-2
44.2,-2.39429404150266,-0.403,-19.7311394098963,-0.059,-521,-33,-119,-29
44.33,-2.35767004086782,-0.415,-19.6825194113504,-0.062,-563,-48,-148,-51
44.12,-2.32409804028588,-0.395,-19.4794594174234,-0.068,-648,-73,-128,-66
44.13,-2.29052603970394,-0.348,-19.3335994217857,-0.073,-716,-93,-119,-84
44.15,-2.25542803909555,-0.327,-19.2334994247794,-0.075,-785,-69,-99,-62
43.94,-2.22796003861942,-0.334,-19.0332994307668,-0.077,-850,-41,-122,-48
43.98,-2.20049203814329,-0.338,-18.6357594426561,-0.082,-897,-20,-146,-29
43.77,-2.17912803777297,-0.337,-18.1838794561706,-0.087,-955,1,-169,-10
43.88,-2.15166003729684,-0.333,-17.8835794651517,-0.09,-1057,25,-188,10
43.67,-2.12419203682071,-0.333,-17.7834794681455,-0.094,-1170,47,-204,29
43.73,-2.10282803645039,-0.352,-17.6318994726788,-0.097,-1274,70,-218,52
43.52,-2.08146403608007,-0.365,-17.4831794771266,-0.101,-1298,44,-196,74
43.65,-2.06010003570974,-0.36,-17.3344594815744,-0.104,-1328,16,-177,55
43.44,-2.03873603533942,-0.345,-17.1800194861933,-0.107,-1356,-11,-158,32
43.47,-2.01889803499555,-0.321,-17.0312994906411,-0.11,-1348,-31,-143,13
43.26,-2.00821603481039,-0.305,-16.833959496543,-0.114,-1411,-12,-127,-7
43.3,-1.98837803446651,-0.3,-16.5336595055241,-0.117,-1460,-34,-107,-26
43.09,-1.97464403422845,-0.306,-16.2304995145908,-0.119,-1524,-52,-139,-48
42.88,-1.96396203404329,-0.306,-15.9845395219468,-0.121,-1554,-35,-153,-24
42.67,-1.94412403369942,-0.292,-15.7814795280197,-0.121,-1571,-18,-173,-5
42.78,-1.93039003346135,-0.313,-15.5841395339216,-0.121,-1589,7,-192,15
42.57,-1.91360403317038,-0.365,-15.4296995385405,-0.122,-1603,-20,-210,29
42.57,-1.89987003293232,-0.394,-15.2323595444424,-0.124,-1631,-38,-228,7
42.37,-1.88613603269425,-0.371,-15.0350195503443,-0.127,-1592,-20,-249,-17
42.51,-1.86172003227103,-0.337,-14.8348195563317,-0.128,-1557,8,-273,-38
42.62,-1.84951203205941,-0.333,-14.683239560865,-0.128,-1513,31,-253,-53
42.41,-1.83577803182135,-0.348,-14.4315595683921,-0.129,-1484,31,-231,-72
42.5,-1.82967403171554,-0.348,-14.1369795772021,-0.131,-1452,8,-220,-61
42.29,-1.81594003147748,-0.345,-13.7823395878084,-0.133,-1447,-20,-200,-61
42.43,-1.80525803129231,-0.35,-13.4334195982437,-0.134,-1444,-37,-173,-60
42.22,-1.78542003094844,-0.352,-13.2360796041456,-0.135,-1441,-57,-150,-38
42.33,-1.77931603084264,-0.357,-13.0844996086789,-0.135,-1413,-37,-170,-19
42.12,-1.76558203060457,-0.371,-12.9329196132122,-0.132,-1186,-27,-119,4
41.91,-1.7457440302607,-0.385,-12.78419961766,-0.13,-1131,-44,-139,4
41.78,-1.73506203007554,-0.386,-12.6326196221934,-0.128,-1096,-27,-152,23
41.69,-1.71522402973167,-0.39,-12.5839996236475,-0.128,-1069,-2,-161,46
41.77,-1.7014900294936,-0.392,-12.5839996236475,-0.126,-1022,1,-182,17
41.79,-1.68165202914973,-0.37,-12.5839996236475,-0.124,-1017,21,-164,-2
41.81,-1.66944402893812,-0.348,-12.5325196251871,-0.123,-1034,-2,-145,-22
41.88,-1.64960602859425,-0.339,-12.4352796280953,-0.121,-874,-27,-106,-44
41.73,-1.63587202835618,-0.331,-12.2808396327141,-0.118,-748,-44,-83,-63
41.87,-1.61908602806521,-0.331,-12.083499638616,-0.116,-760,-64,-104,-78
41.87,-1.60535202782715,-0.343,-11.9833996416098,-0.114,-779,-92,-125,-99
41.88,-1.58551402748328,-0.347,-11.9347796430638,-0.113,-735,-64,-143,-123
41.67,-1.5656760271394,-0.342,-11.9347796430638,-0.111,-697,-44,-168,-148
41.59,-1.55346802692779,-0.344,-12.083499638616,-0.108,-703,-27,-143,-123
41.59,-1.52752602647811,-0.353,-12.335179631089,-0.103,-685,1,-125,-99
41.61,-1.50768802613424,-0.355,-12.6326196221934,-0.099,-663,24,-107,-81
41.59,-1.48785002579037,-0.35,-12.832819616206,-0.096,-636,52,-83,-63
41.57,-1.4680120254465,-0.338,-12.9329196132122,-0.093,-615,27,-103,-44
41.56,-1.44207002499682,-0.328,-12.9843996116726,-0.091,-621,3,-128,-31
41.58,-1.41612802454714,-0.321,-13.0844996086789,-0.089,-650,-27,-151,-53
41.6,-1.39629002420327,-0.316,-13.1817396057707,-0.086,-689,-47,-168,-70
41.67,-1.37034802375359,-0.315,-13.1331196072248,-0.083,-676,-64,-195,-53
41.53,-1.35051002340972,-0.326,-12.9843996116726,-0.081,-675,-89,-186,-35
41.36,-1.32304202293359,-0.337,-12.8842996146663,-0.081,-709,-109,-204,-35
41.36,-1.29710002248391,-0.329,-12.832819616206,-0.079,-759,-89,-183,-11
41.44,-1.26810602198133,-0.323,-12.7298596192852,-0.077,-792,-64,-168,-31
41.33,-1.25132002169036,-0.322,-12.7298596192852,-0.078,-832,-47,-149,-50
41.4,-1.22232602118778,-0.324,-12.6812396207393,-0.08,-876,-30,-130,-69
41.34,-1.1963840207381,-0.34,-12.5839996236475,-0.081,-893,-5,-152,-87
41.27,-1.16891602026197,-0.361,-12.3866596295494,-0.081,-920,18,-174,-109
41.29,-1.14297401981229,-0.371,-12.083499638616,-0.082,-944,-2,-193,-90
41.38,-1.11703201936262,-0.365,-11.7803396476827,-0.083,-928,-27,-173,-70
41.17,-1.08193401875423,-0.355,-11.634479652045,-0.084,-902,-46,-153,-50
41.25,-1.06362201843681,-0.348,-11.4857596564928,-0.086,-867,-61,-130,-31
41.29,-1.03462801793423,-0.34,-11.3341796610261,-0.089,-837,-86,-107,-8
41.08,-1.0071600174581,-0.331,-11.1339796670135,-0.09,-808,-106,-88,-28
41.19,-0.975114016902611,-0.316,-10.8822996745406,-0.09,-817,-86,-110,-50
40.98,-0.947646016426481,-0.308,-10.6363396818966,-0.093,-831,-62,-130,-31
41.05,-0.921704015976803,-0.327,-10.3846596894236,-0.097,-838,-47,-143,-11
40.86,-0.885080015341963,-0.347,-10.1844596954111,-0.1,-844,-27,-165,-34
40.8,-0.853034014786478,-0.352,-10.0300197000299,-0.1,-850,-2,-180,-56
40.78,-0.810306014045832,-0.347,-9.98139970148402,-0.099,-869,18,-202,-74
40.7,-0.769104013331637,-0.334,-9.93277970293811,-0.096,-790,43,-183,-93
40.72,-0.7355320127497,-0.323,-9.93277970293811,-0.094,-806,15,-152,-112
40.74,-0.686700011903247,-0.318,-9.83553970584629,-0.093,-813,-5,-134,-90
40.8,-0.643972011162601,-0.324,-9.78405970738591,-0.093,-793,-30,-112,-72
40.7,-0.601244010421954,-0.333,-9.73543970884,-0.093,-768,-47,-89,-50
40.72,-0.569198009866469,-0.333,-9.73543970884,-0.093,-751,-64,-109,-31
40.55,-0.524944009099371,-0.333,-9.63819971174818,-0.093,-734,-89,-128,-11
40.7,-0.485268008411628,-0.331,-9.53237971491296,-0.092,-712,-67,-113,-35
40.55,-0.448644007776788,-0.313,-9.53237971491296,-0.091,-689,-49,-135,-57
40.71,-0.405916007036142,-0.303,-9.48375971636705,-0.09,-709,-31,-155,-77
40.61,-0.372344006454205,-0.307,-9.38365971936076,-0.089,-737,-51,-175,-97
40.68,-0.328090005687107,-0.31,-9.28355972235448,-0.089,-754,-51,-197,-119
40.58,-0.294518005105171,-0.302,-9.23493972380856,-0.089,-771,-51,-175,-97
40.66,-0.256368004443879,-0.31,-9.28355972235448,-0.089,-796,-34,-155,-77
40.8,-0.216692003756136,-0.327,-9.28355972235448,-0.088,-771,-8,-172,-60
40.59,-0.187698003253554,-0.332,-9.18631972526265,-0.087,-760,-33,-154,-38
40.59,-0.157178002724521,-0.34,-8.98325973133561,-0.086,-750,-50,-138,-57
40.43,-0.128184002221939,-0.339,-8.83453973578342,-0.085,-750,-67,-131,-76
40.28,-0.106820001851616,-0.317,-8.7372997386916,-0.085,-738,-49,-114,-54
40.26,-0.0778260013490347,-0.292,-8.63433974177084,-0.083,-772,-33,-95,-35
40.27,-0.0564620009787114,-0.282,-8.43413974775827,-0.081,-810,-8,-114,-15
40.31,-0.0366240006348399,-0.279,-8.23107975383123,-0.081,-855,-36,-137,-38
40.48,-0.0152600002645166,-0.275,-7.9364997626413,-0.082,-895,-53,-159,-60
40.27,-0.00305200005290332,-0.282,-7.63333977170798,-0.083,-948,-73,-179,-80
40.44,0.0183120003174199,-0.305,-7.33303978068912,-0.085,-937,-98,-162,-97
40.23,0.0305200005290332,-0.317,-7.13569978659101,-0.086,-909,-97,-144,-115
40.23,0.0534100009258081,-0.32,-6.93549979257844,-0.086,-886,-69,-162,-97
40.17,0.0747740012961314,-0.312,-6.78105979719731,-0.086,-845,-51,-173,-80
40.34,0.0976640016929063,-0.287,-6.63519980155958,-0.087,-807,-30,-187,-63
40.13,0.11902800206323,-0.268,-6.43213980763254,-0.09,-806,-52,-202,-45
39.95,0.131236002274843,-0.264,-6.13755981644261,-0.091,-810,-33,-178,-63
40.12,0.154126002671618,-0.259,-5.734299828503,-0.092,-810,-8,-161,-63
39.98,0.169386002936134,-0.252,-5.43399983748414,-0.092,-807,-36,-144,-80
40.07,0.181594003147748,-0.261,-5.13655984637974,-0.091,-810,-54,-119,-60
39.97,0.198380003438716,-0.29,-4.7847798569005,-0.091,-804,-76,-131,-41
40,0.210588003650329,-0.301,-4.53309986442756,-0.091,-750,-54,-144,-21
39.99,0.231952004020652,-0.281,-4.33575987032945,-0.09,-722,-36,-162,-45
40.07,0.247212004285169,-0.258,-4.23565987332316,-0.088,-635,-8,-133,-63
40.11,0.259420004496782,-0.25,-4.13269987640241,-0.086,-567,-33,-114,-80
39.9,0.276206004787751,-0.263,-3.9353598823043,-0.085,-503,-52,-93,-97
40.02,0.288414004999364,-0.264,-3.63505989128544,-0.085,-440,-67,-66,-79
39.81,0.30367400526388,-0.238,-3.23179990334583,-0.084,-433,-70,-79,-60
39.88,0.309778005369687,-0.214,-2.78277991677477,-0.084,-425,-53,-98,-42
39.73,0.325038005634204,-0.203,-2.38237992874962,-0.084,-408,-36,-118,-64
39.77,0.337246005845817,-0.2,-2.03631993909932,-0.082,-398,-11,-129,-81
39.8,0.346402006004527,-0.208,-1.83611994508674,-0.079,-401,-36,-141,-64
39.9,0.354032006136785,-0.222,-1.63591995107417,-0.076,-353,-53,-123,-81
39.77,0.360136006242592,-0.222,-1.43285995714713,-0.075,-311,-70,-103,-98
39.83,0.369292006401302,-0.207,-1.33275996014085,-0.074,-280,-95,-83,-81
39.72,0.375396006507108,-0.203,-1.23551996304902,-0.073,-242,-115,-62,-98
39.73,0.381500006612915,-0.205,-1.08679996749683,-0.072,-264,-95,-80,-81
39.82,0.387604006718722,-0.189,-0.783639976563502,-0.07,-262,-70,-97,-64
39.82,0.387604006718722,-0.16,-0.434719986998731,-0.069,-231,-53,-114,-81
39.92,0.396760006877432,-0.127,0.0142999995723267,-0.069,-230,-36,-97,-98
39.88,0.396760006877432,-0.106,0.366079989051563,-0.069,-203,-59,-80,-125
39.85,0.402864006983238,-0.111,0.712139978701868,-0.068,-192,-48,-46,-91
39.74,0.402864006983238,-0.129,1.01529996963519,-0.066,-193,-31,-66,-74
39.81,0.408968007089045,-0.135,1.31559996065405,-0.064,-163,-3,-83,-57
39.68,0.418124007247755,-0.134,1.41569995766034,-0.061,-168,17,-100,-74
39.68,0.418124007247755,-0.13,1.41569995766034,-0.059,-150,-3,-100,-57
39.7,0.418124007247755,-0.116,1.46431995620625,-0.056,-126,-28,-82,-35
39.71,0.424228007353562,-0.098,1.51293995475216,-0.054,-101,-47,-55,-9
39.78,0.424228007353562,-0.077,1.51293995475216,-0.051,-72,-62,-36,-29
39.72,0.424228007353562,-0.05,1.56155995329807,-0.05,-90,-90,-16,-48
39.64,0.424228007353562,-0.033,1.61017995184398,-0.051,-109,-65,-39,-70
39.62,0.424228007353562,-0.029,1.75603994748172,-0.052,-123,-48,-61,-88
39.57,0.424228007353562,-0.028,1.90475994303391,-0.052,-126,-21,-69,-79
39.56,0.424228007353562,-0.025,2.05633993850058,-0.05,-105,7,-86,-62
39.63,0.424228007353562,-0.012,2.15643993550686,-0.048,-80,-18,-104,-45
39.6,0.424228007353562,0.007,2.10781993696095,-0.047,-97,-38,-83,-62
39.49,0.424228007353562,0.02,2.00199994012573,-0.048,-77,-52,-57,-36
39.56,0.424228007353562,0.025,1.856139944488,-0.048,-40,-34,-37,-14
39.57,0.424228007353562,0.024,1.75603994748172,-0.048,-65,-15,-18,-33
39.6,0.424228007353562,0.024,1.75603994748172,-0.047,-66,-35,2,-52
39.5,0.424228007353562,0.023,1.80465994602763,-0.047,-83,-18,-19,-70
39.57,0.424228007353562,0.015,1.856139944488,-0.048,-100,7,-37,-53
39.46,0.418124007247755,0.022,1.856139944488,-0.047,-107,-3,-36,-52
39.44,0.408968007089045,0.045,1.7074199489358,-0.046,-79,-20,-53,-35
39.4,0.396760006877432,0.058,1.56155995329807,-0.044,-62,-37,-36,-52
39.36,0.396760006877432,0.048,1.46431995620625,-0.043,-38,-20,-50,-32
39.35,0.387604006718722,0.029,1.46431995620625,-0.044,-10,0,-68,-15
39.42,0.381500006612915,0.02,1.56155995329807,-0.046,-38,-20,-50,3
39.49,0.375396006507108,0.027,1.65879995038989,-0.046,-55,-37,-26,33
39.45,0.369292006401302,0.034,1.7074199489358,-0.047,-72,-65,-7,13
39.39,0.360136006242592,0.03,1.65879995038989,-0.048,-84,-30,19,0
39.39,0.354032006136785,0.028,1.61017995184398,-0.046,-43,-3,14,-3
39.32,0.337246005845817,0.032,1.56155995329807,-0.043,-23,14,-3,-20
39.39,0.325038005634204,0.03,1.56155995329807,-0.039,-3,42,-23,-42
39.42,0.318934005528397,0.03,1.56155995329807,-0.037,-22,15,4,-13
39.28,0.30367400526388,0.04,1.56155995329807,-0.037,-2,-2,4,4
39.14,0.297570005158074,0.059,1.51293995475216,-0.037,-16,-19,24,24
39,0.282310004893557,0.071,1.41569995766034,-0.038,-17,14,62,62
39.03,0.276206004787751,0.07,1.31559996065405,-0.037,-45,-6,40,40
39.07,0.270102004681944,0.064,1.21835996356223,-0.036,-4,20,39,39
39.11,0.259420004496782,0.051,1.16401996518739,-0.035,10,34,9,9
38.97,0.253316004390976,0.04,1.16401996518739,-0.033,30,62,-13,-13
39.01,0.253316004390976,0.046,1.11253996672702,-0.032,60,88,9,9
39.05,0.247212004285169,0.056,1.01529996963519,-0.03,33,62,29,29
38.91,0.238056004126459,0.054,0.915199972628907,-0.029,16,34,49,49
38.77,0.238056004126459,0.045,0.81509997562262,-0.029,-1,17,30,68
38.63,0.238056004126459,0.027,0.663519980155958,-0.028,14,31,12,46
38.67,0.238056004126459,0.014,0.563419983149671,-0.028,34,59,30,68
38.71,0.238056004126459,0.017,0.612039981695582,-0.028,40,40,59,59
38.75,0.238056004126459,0.007,0.612039981695582,-0.028,65,21,78,40
38.79,0.238056004126459,-0.009,0.612039981695582,-0.027,40,40,56,22
38.65,0.238056004126459,-0.012,0.663519980155958,-0.026,49,32,47,47
38.66,0.238056004126459,-0.012,0.712139978701868,-0.024,42,59,48,82
38.7,0.238056004126459,-0.017,0.76647997707671,-0.025,25,84,26,64
38.74,0.238056004126459,-0.028,0.712139978701868,-0.027,42,59,51,85
38.6,0.238056004126459,-0.033,0.612039981695582,-0.028,64,47,82,120
38.64,0.238056004126459,-0.024,0.563419983149671,-0.029,89,30,104,143
38.68,0.238056004126459,-0.017,0.663519980155958,-0.029,73,14,135,135
38.54,0.238056004126459,0,0.81509997562262,-0.028,56,39,132,113
38.58,0.238056004126459,0.032,0.915199972628907,-0.028,39,56,110,93
38.62,0.231952004020652,0.049,0.966679971089283,-0.029,68,85,107,90
38.63,0.231952004020652,0.044,0.966679971089283,-0.029,89,72,91,72
38.67,0.225848003914846,0.028,0.915199972628907,-0.029,72,89,111,94
38.53,0.225848003914846,0.015,0.81509997562262,-0.029,55,114,128,76
38.57,0.225848003914846,0.014,0.712139978701868,-0.028,33,137,114,97
38.61,0.225848003914846,0.014,0.51479998460376,-0.026,58,117,97,114
38.65,0.225848003914846,0.001,0.417559987511939,-0.025,33,92,114,131
38.69,0.225848003914846,-0.011,0.417559987511939,-0.023,64,81,143,162
38.55,0.225848003914846,-0.006,0.417559987511939,-0.021,81,64,123,140
38.58,0.231952004020652,-0.003,0.417559987511939,-0.017,101,84,119,136
38.62,0.231952004020652,-0.011,0.417559987511939,-0.013,129,70,100,119
38.66,0.238056004126459,-0.022,0.51479998460376,-0.011,104,87,122,139
38.52,0.238056004126459,-0.02,0.712139978701868,-0.009,87,104,139,156
38.55,0.238056004126459,-0.009,0.915199972628907,-0.008,113,138,159,142
38.58,0.238056004126459,-0.011,1.01529996963519,-0.007,138,113,181,162
38.44,0.238056004126459,-0.025,1.01529996963519,-0.007,110,93,159,142
38.47,0.238056004126459,-0.039,1.01529996963519,-0.006,93,76,142,159
38.5,0.238056004126459,-0.027,1.01529996963519,-0.005,110,51,125,177
38.53,0.238056004126459,0,1.01529996963519,-0.004,98,81,150,167
38.56,0.238056004126459,0.006,1.01529996963519,-0.005,81,98,167,150
38.42,0.238056004126459,0.004,1.0639199681811,-0.005,98,115,185,133
38.45,0.238056004126459,0.009,1.11253996672702,-0.004,81,140,167,150
38.48,0.231952004020652,0.009,1.11253996672702,-0.002,59,163,156,173
38.34,0.231952004020652,0,1.0639199681811,-0.001,84,143,139,156
38.37,0.231952004020652,0.001,0.915199972628907,0,101,118,121,173
38.4,0.231952004020652,0.018,0.712139978701868,0,124,107,148,165
38.26,0.231952004020652,0.033,0.612039981695582,0,149,90,165,148
38.29,0.231952004020652,0.037,0.563419983149671,-0.002,176,112,189,172
38.32,0.231952004020652,0.04,0.563419983149671,-0.004,156,131,211,192
38.18,0.231952004020652,0.051,0.663519980155958,-0.005,128,111,192,211
38.04,0.231952004020652,0.06,0.76647997707671,-0.006,114,97,223,243
38.08,0.231952004020652,0.065,0.81509997562262,-0.006,140,123,204,223
38.12,0.231952004020652,0.051,0.81509997562262,-0.005,123,140,184,201
38.16,0.231952004020652,0.022,0.76647997707671,-0.004,106,165,167,184
38.2,0.231952004020652,0,0.712139978701868,-0.002,84,143,154,173
38.06,0.238056004126459,-0.009,0.612039981695582,0,109,168,173,154
38.1,0.247212004285169,-0.012,0.466179986057849,0,126,143,154,173
38.14,0.253316004390976,-0.004,0.366079989051563,0,119,136,139,159
38.18,0.259420004496782,0.007,0.366079989051563,-0.002,94,153,165,184
38.22,0.259420004496782,0.022,0.51479998460376,-0.002,77,141,194,175
38.26,0.259420004496782,0.025,0.663519980155958,-0.002,105,130,226,209
38.3,0.259420004496782,-0.001,0.76647997707671,0,130,105,243,226
38.34,0.259420004496782,-0.037,0.81509997562262,0.003,150,133,261,209
38.38,0.259420004496782,-0.041,0.76647997707671,0.005,170,153,253,236
38.41,0.259420004496782,-0.018,0.712139978701868,0.007,198,173,236,219
38.45,0.259420004496782,-0.006,0.663519980155958,0.006,224,203,253,201
38.31,0.259420004496782,-0.019,0.712139978701868,0.006,201,176,242,225
38.35,0.259420004496782,-0.034,0.76647997707671,0.007,221,157,225,242
38.39,0.259420004496782,-0.025,0.81509997562262,0.01,210,185,215,267
38.43,0.259420004496782,-0.006,0.863719974168531,0.011,182,165,233,250
38.47,0.253316004390976,0.004,0.915199972628907,0.012,165,148,250,233
38.47,0.253316004390976,0.001,0.863719974168531,0.014,145,120,230,211
38.33,0.247212004285169,-0.004,0.863719974168531,0.017,168,151,259,242
38.37,0.238056004126459,0.015,0.863719974168531,0.02,151,168,276,259
38.41,0.231952004020652,0.058,0.81509997562262,0.021,126,185,294,242
38.27,0.225848003914846,0.065,0.712139978701868,0.019,107,171,279,262
38.31,0.219744003809039,0.041,0.563419983149671,0.015,127,152,301,282
38.35,0.210588003650329,0.023,0.466179986057849,0.013,152,127,285,304
38.39,0.204484003544523,0.015,0.366079989051563,0.014,178,161,266,324
38.43,0.198380003438716,0.02,0.317459990505652,0.016,195,178,248,300
38.43,0.198380003438716,0.027,0.366079989051563,0.017,198,198,240,292
38.47,0.198380003438716,0.019,0.417559987511939,0.017,229,229,261,278
38.48,0.187698003253554,0.011,0.466179986057849,0.018,249,204,278,261
38.34,0.187698003253554,0.013,0.466179986057849,0.019,226,182,261,278
38.38,0.187698003253554,0.013,0.417559987511939,0.019,249,170,248,267
38.42,0.187698003253554,0.008,0.417559987511939,0.018,226,142,267,248
38.28,0.187698003253554,0.004,0.417559987511939,0.016,201,167,286,228
38.32,0.187698003253554,0.006,0.417559987511939,0.017,190,190,304,252
38.36,0.187698003253554,-0.002,0.417559987511939,0.021,173,207,287,270
38.4,0.187698003253554,-0.015,0.466179986057849,0.023,148,192,276,293
38.44,0.187698003253554,-0.02,0.612039981695582,0.024,177,177,297,314
38.48,0.187698003253554,-0.006,0.663519980155958,0.025,196,152,280,314
38.52,0.187698003253554,0.013,0.712139978701868,0.025,177,177,297,314
38.57,0.187698003253554,0.014,0.712139978701868,0.026,153,197,321,340
38.62,0.187698003253554,-0.001,0.76647997707671,0.027,177,177,301,318
38.67,0.187698003253554,-0.008,0.76647997707671,0.027,197,197,284,301
38.72,0.187698003253554,-0.001,0.76647997707671,0.027,215,181,268,287
38.58,0.187698003253554,0.012,0.663519980155958,0.028,198,198,287,268
38.63,0.187698003253554,0.02,0.563419983149671,0.03,190,224,317,300
38.68,0.187698003253554,0.033,0.563419983149671,0.031,162,206,297,278
38.73,0.187698003253554,0.044,0.51479998460376,0.031,142,221,266,246
38.78,0.187698003253554,0.051,0.466179986057849,0.028,162,206,297,278
38.64,0.187698003253554,0.05,0.417559987511939,0.026,194,194,320,303
38.69,0.187698003253554,0.039,0.417559987511939,0.027,213,169,337,320
38.74,0.187698003253554,0.037,0.317459990505652,0.029,228,149,359,340
38.79,0.187698003253554,0.04,0.165879995038989,0.031,256,172,346,329
38.84,0.187698003253554,0.048,0.0657799980327027,0.032,231,197,329,312
38.7,0.187698003253554,0.054,-0.034319998973584,0.034,222,178,316,297
38.75,0.187698003253554,0.046,-0.034319998973584,0.035,203,203,297,316
38.8,0.181594003147748,0.038,-0.034319998973584,0.036,178,222,319,336
38.85,0.175490003041941,0.034,0.0657799980327027,0.036,158,237,304,356
38.9,0.175490003041941,0.027,0.263119992130811,0.033,184,268,330,382
38.95,0.175490003041941,0.02,0.417559987511939,0.029,209,243,348,406
39,0.160230002777424,0.018,0.466179986057849,0.028,226,226,367,386
39.01,0.160230002777424,0.003,0.417559987511939,0.029,249,215,389,370
38.87,0.154126002671618,-0.014,0.317459990505652,0.033,277,233,367,350
38.73,0.154126002671618,-0.009,0.263119992130811,0.037,252,252,350,333
38.78,0.154126002671618,0.008,0.366079989051563,0.04,280,280,333,350
38.83,0.154126002671618,0.025,0.51479998460376,0.041,252,252,311,330
38.88,0.154126002671618,0.037,0.712139978701868,0.04,236,236,336,317
38.93,0.148022002565811,0.044,0.863719974168531,0.037,216,216,359,342
38.99,0.148022002565811,0.045,0.81509997562262,0.035,188,188,376,324
39.05,0.148022002565811,0.041,0.663519980155958,0.033,165,165,359,342
39.11,0.138866002407101,0.041,0.663519980155958,0.033,191,191,345,362
39.17,0.138866002407101,0.045,0.663519980155958,0.035,219,219,327,379
39.23,0.138866002407101,0.065,0.712139978701868,0.037,219,194,342,357
39.29,0.138866002407101,0.096,0.712139978701868,0.038,242,225,362,343
39.15,0.11902800206323,0.109,0.612039981695582,0.039,219,194,342,321
39.21,0.10987200190452,0.106,0.612039981695582,0.039,242,225,326,343
39.27,0.103768001798713,0.091,0.563419983149671,0.04,225,242,345,324
39.28,0.103768001798713,0.075,0.563419983149671,0.04,242,225,365,346
39.34,0.0885080015341963,0.066,0.466179986057849,0.039,225,242,382,330
39.2,0.080878001401938,0.054,0.366079989051563,0.04,197,222,364,306
39.26,0.080878001401938,0.043,0.2144999935849,0.04,222,197,345,326
39.32,0.080878001401938,0.045,0.2144999935849,0.04,197,222,345,345
39.18,0.080878001401938,0.061,0.263119992130811,0.041,222,197,326,364
39.24,0.080878001401938,0.061,0.2144999935849,0.043,242,225,348,380
39.3,0.080878001401938,0.027,0.165879995038989,0.045,225,242,366,404
39.36,0.080878001401938,-0.03,0.0657799980327027,0.046,239,256,348,421
39.42,0.0885080015341963,-0.067,0.0142999995723267,0.045,259,284,363,401
39.28,0.0976640016929063,-0.066,0.0142999995723267,0.044,289,310,382,382
39.34,0.10987200190452,-0.043,0.0657799980327027,0.046,265,335,362,362
39.4,0.125132002169036,-0.011,0.165879995038989,0.05,289,310,379,345
39.26,0.125132002169036,0.014,0.2144999935849,0.054,259,284,362,362
39.32,0.131236002274843,0.017,0.263119992130811,0.056,287,262,345,345
39.38,0.131236002274843,-0.004,0.263119992130811,0.056,259,242,348,365
39.44,0.138866002407101,-0.034,0.366079989051563,0.053,242,225,372,355
39.47,0.138866002407101,-0.037,0.466179986057849,0.049,227,202,352,333
39.53,0.138866002407101,-0.006,0.466179986057849,0.046,202,227,372,355
39.59,0.148022002565811,0.029,0.417559987511939,0.046,230,247,389,372
39.45,0.148022002565811,0.043,0.366079989051563,0.048,205,264,372,389
39.46,0.148022002565811,0.045,0.263119992130811,0.05,230,247,355,407
39.32,0.148022002565811,0.046,0.165879995038989,0.052,247,247,372,389
39.38,0.148022002565811,0.041,-0.034319998973584,0.052,270,270,398,417
39.44,0.154126002671618,0.03,-0.237379992900623,0.051,250,250,378,395
39.5,0.154126002671618,0.012,-0.334619989992444,0.048,267,233,361,378
39.56,0.160230002777424,0.007,-0.285999991446533,0.046,295,211,348,367
39.42,0.169386002936134,0.018,-0.188759994354712,0.045,267,188,367,348
39.48,0.175490003041941,0.017,-0.08579999743396,0.044,295,211,387,370
39.54,0.187698003253554,-0.003,-0.134419995979871,0.045,270,236,370,387
39.6,0.198380003438716,-0.025,-0.08579999743396,0.046,253,253,387,370
39.66,0.204484003544523,-0.044,0.0142999995723267,0.046,236,270,370,387
39.72,0.219744003809039,-0.054,0.165879995038989,0.047,259,259,351,370
39.78,0.225848003914846,-0.056,0.263119992130811,0.048,239,239,370,351
39.84,0.231952004020652,-0.055,0.317459990505652,0.048,211,211,390,373
39.9,0.238056004126459,-0.053,0.417559987511939,0.048,182,182,370,387
39.96,0.247212004285169,-0.049,0.51479998460376,0.048,157,203,387,404
39.82,0.253316004390976,-0.04,0.612039981695582,0.049,185,230,370,387
39.88,0.253316004390976,-0.032,0.663519980155958,0.05,208,252,387,370
39.94,0.253316004390976,-0.035,0.76647997707671,0.052,236,270,367,348
40,0.253316004390976,-0.039,0.76647997707671,0.053,253,253,345,345
40.06,0.253316004390976,-0.038,0.712139978701868,0.052,267,233,361,322
40.12,0.253316004390976,-0.034,0.81509997562262,0.051,292,208,336,336
40.17,0.253316004390976,-0.001,0.966679971089283,0.05,264,185,358,358
40.03,0.253316004390976,0.025,1.0639199681811,0.049,249,185,378,378
40.09,0.253316004390976,0.019,1.0639199681811,0.049,230,205,361,395
40.15,0.253316004390976,0.009,1.0639199681811,0.051,205,230,378,378
40.21,0.247212004285169,-0.004,1.01529996963519,0.053,233,250,361,395
40.07,0.247212004285169,-0.015,1.0639199681811,0.054,208,267,378,378
39.93,0.247212004285169,0.002,1.11253996672702,0.053,233,250,395,361
39.99,0.247212004285169,0.039,1.0639199681811,0.051,242,259,411,373
40.05,0.247212004285169,0.05,1.01529996963519,0.048,225,284,392,392
40.11,0.247212004285169,0.035,1.01529996963519,0.045,242,259,373,411
40.17,0.247212004285169,0.018,1.01529996963519,0.042,259,242,355,389
40.23,0.247212004285169,0.017,1.01529996963519,0.041,287,262,333,371
40.29,0.253316004390976,0.024,0.966679971089283,0.043,262,287,310,349
40.15,0.270102004681944,0.03,0.915199972628907,0.045,247,264,333,333
40.21,0.270102004681944,0.023,0.81509997562262,0.047,230,247,355,355
40.27,0.276206004787751,0.007,0.76647997707671,0.048,247,230,374,336
40.13,0.282310004893557,-0.003,0.712139978701868,0.048,267,208,395,361
40.19,0.288414004999364,-0.006,0.712139978701868,0.047,250,233,417,379
40.25,0.288414004999364,-0.004,0.712139978701868,0.045,230,247,395,395
40.31,0.288414004999364,-0.006,0.76647997707671,0.046,247,264,417,417
40.17,0.288414004999364,-0.008,0.863719974168531,0.047,230,247,395,395
40.23,0.288414004999364,-0.006,0.915199972628907,0.047,247,264,375,375
40.09,0.288414004999364,-0.006,0.966679971089283,0.048,264,247,352,352
40.15,0.276206004787751,-0.003,0.915199972628907,0.049,247,264,336,374
40.21,0.259420004496782,0.011,0.81509997562262,0.051,248,292,336,355
40.27,0.247212004285169,0.028,0.76647997707671,0.052,230,264,355,336
40.33,0.225848003914846,0.029,0.712139978701868,0.051,202,246,375,358
40.33,0.219744003809039,0.027,0.712139978701868,0.051,227,227,358,375
40.39,0.198380003438716,0.032,0.663519980155958,0.052,230,247,375,392
40.45,0.181594003147748,0.056,0.612039981695582,0.053,247,230,358,410
40.31,0.169386002936134,0.08,0.563419983149671,0.052,227,202,372,387
40.37,0.160230002777424,0.075,0.612039981695582,0.049,202,227,389,370
40.43,0.154126002671618,0.062,0.663519980155958,0.047,202,246,407,355
40.49,0.148022002565811,0.064,0.663519980155958,0.047,227,227,428,337
40.55,0.148022002565811,0.06,0.612039981695582,0.045,202,246,407,316
40.56,0.148022002565811,0.045,0.51479998460376,0.044,227,227,389,337
40.62,0.148022002565811,0.032,0.417559987511939,0.044,246,202,372,355
40.65,0.148022002565811,0.028,0.417559987511939,0.045,264,230,355,372
40.51,0.148022002565811,0.032,0.417559987511939,0.047,292,248,337,389
40.57,0.154126002671618,0.032,0.466179986057849,0.048,267,267,313,386
40.63,0.160230002777424,0.022,0.466179986057849,0.048,248,292,333,371
40.63,0.169386002936134,0.007,0.466179986057849,0.047,230,264,358,392
40.49,0.175490003041941,-0.006,0.51479998460376,0.048,247,247,375,375
40.55,0.175490003041941,-0.006,0.51479998460376,0.049,264,230,392,358
40.61,0.181594003147748,0.004,0.466179986057849,0.05,247,247,374,336
40.67,0.181594003147748,0.009,0.466179986057849,0.05,230,230,395,361
40.53,0.181594003147748,0.011,0.563419983149671,0.05,205,230,377,339
40.59,0.181594003147748,0.019,0.663519980155958,0.049,179,200,358,358
40.65,0.181594003147748,0.017,0.712139978701868,0.048,200,179,378,378
40.71,0.181594003147748,0.007,0.663519980155958,0.047,224,154,361,395
40.77,0.181594003147748,0.004,0.612039981695582,0.047,249,185,375,375
40.63,0.181594003147748,0.012,0.612039981695582,0.047,267,208,392,358
40.69,0.181594003147748,0.019,0.612039981695582,0.047,250,233,375,375
40.75,0.181594003147748,0.024,0.663519980155958,0.046,267,250,355,355
40.81,0.181594003147748,0.033,0.663519980155958,0.045,250,267,336,336
40.87,0.181594003147748,0.035,0.663519980155958,0.043,270,295,358,358
40.92,0.181594003147748,0.023,0.612039981695582,0.042,295,270,339,377
40.78,0.181594003147748,0.012,0.612039981695582,0.042,270,295,361,395
40.84,0.187698003253554,0.012,0.51479998460376,0.043,270,270,343,413
40.9,0.198380003438716,0.013,0.466179986057849,0.044,250,250,361,395
40.96,0.198380003438716,0,0.51479998460376,0.046,230,230,378,378
40.82,0.204484003544523,-0.009,0.51479998460376,0.046,202,202,395,361
40.88,0.204484003544523,-0.009,0.51479998460376,0.047,227,182,413,343
40.94,0.204484003544523,-0.006,0.51479998460376,0.048,249,205,395,343
40.8,0.204484003544523,0.003,0.51479998460376,0.048,230,230,378,361
40.86,0.204484003544523,0.027,0.51479998460376,0.047,249,205,361,378
40.92,0.204484003544523,0.037,0.612039981695582,0.048,230,230,378,395
40.98,0.204484003544523,0.017,0.712139978701868,0.048,250,250,361,378
41.04,0.198380003438716,-0.006,0.81509997562262,0.048,267,233,339,358
40.9,0.198380003438716,-0.015,0.81509997562262,0.047,250,250,358,339
40.96,0.187698003253554,-0.001,0.76647997707671,0.046,267,233,358,358
41.02,0.187698003253554,0.024,0.663519980155958,0.045,250,250,378,378
41.08,0.187698003253554,0.03,0.51479998460376,0.044,233,267,395,361
41.14,0.187698003253554,0.017,0.466179986057849,0.042,205,249,377,339
41.2,0.187698003253554,0,0.466179986057849,0.04,233,267,358,358
41.06,0.187698003253554,-0.012,0.563419983149671,0.04,250,250,339,377
41.12,0.198380003438716,-0.014,0.563419983149671,0.04,270,270,361,395
41.18,0.204484003544523,-0.008,0.51479998460376,0.042,250,250,361,378
41.24,0.210588003650329,-0.006,0.563419983149671,0.042,230,230,378,361
41.1,0.219744003809039,-0.012,0.612039981695582,0.041,202,202,395,343
41.16,0.225848003914846,-0.022,0.663519980155958,0.044,227,182,413,361
41.22,0.231952004020652,-0.03,0.712139978701868,0.046,249,205,395,378
41.28,0.231952004020652,-0.032,0.712139978701868,0.047,267,233,378,395
41.34,0.238056004126459,-0.02,0.663519980155958,0.048,295,251,361,395
41.2,0.238056004126459,-0.002,0.563419983149671,0.048,318,273,339,377
41.26,0.238056004126459,0.019,0.51479998460376,0.049,298,298,361,395
41.32,0.238056004126459,0.024,0.466179986057849,0.05,270,270,378,378
41.38,0.238056004126459,0.011,0.563419983149671,0.05,250,250,358,358
41.24,0.238056004126459,-0.008,0.663519980155958,0.048,230,230,377,339
41.3,0.231952004020652,-0.014,0.76647997707671,0.045,205,249,395,361
41.16,0.231952004020652,0.009,0.76647997707671,0.044,182,227,417,379
41.22,0.231952004020652,0.029,0.612039981695582,0.043,202,202,437,364
41.28,0.231952004020652,0.013,0.417559987511939,0.042,230,230,417,379
41.29,0.231952004020652,0,0.366079989051563,0.043,250,250,398,398
41.35,0.231952004020652,0.004,0.417559987511939,0.044,270,270,379,417
41.41,0.231952004020652,0.018,0.563419983149671,0.044,251,295,361,395
41.47,0.231952004020652,0.02,0.663519980155958,0.042,233,267,339,377
41.33,0.231952004020652,0.002,0.712139978701868,0.041,250,250,316,355
41.39,0.231952004020652,-0.008,0.712139978701868,0.041,233,267,336,336
41.45,0.238056004126459,-0.012,0.612039981695582,0.042,250,250,358,358
41.51,0.238056004126459,-0.014,0.563419983149671,0.044,267,233,378,378
41.37,0.238056004126459,-0.017,0.612039981695582,0.045,249,205,398,398
41.38,0.238056004126459,-0.028,0.663519980155958,0.044,267,233,420,420
41.44,0.238056004126459,-0.025,0.76647997707671,0.044,250,250,398,398
41.5,0.238056004126459,-0.006,0.81509997562262,0.046,270,270,378,378
41.56,0.238056004126459,0.002,0.915199972628907,0.047,250,250,358,358
41.62,0.238056004126459,-0.002,1.0639199681811,0.046,230,230,336,336
41.48,0.238056004126459,-0.006,1.16401996518739,0.046,202,202,333,313
41.54,0.238056004126459,-0.012,1.16401996518739,0.045,182,227,358,339
41.6,0.238056004126459,-0.014,1.16401996518739,0.045,205,249,378,361
41.66,0.231952004020652,-0.006,1.11253996672702,0.047,233,267,395,378
41.52,0.231952004020652,0.002,1.01529996963519,0.048,251,295,378,395
41.58,0.225848003914846,0.003,0.863719974168531,0.049,267,267,358,410
41.64,0.225848003914846,-0.001,0.81509997562262,0.049,295,295,340,431
41.5,0.225848003914846,-0.006,0.81509997562262,0.048,267,267,358,410
41.56,0.225848003914846,-0.003,0.81509997562262,0.047,292,248,375,392
41.59,0.225848003914846,0.006,0.81509997562262,0.048,264,230,358,375
41.65,0.225848003914846,0.007,0.76647997707671,0.049,246,202,375,392
41.71,0.225848003914846,0.001,0.712139978701868,0.049,224,179,392,375
41.74,0.225848003914846,0.004,0.712139978701868,0.049,199,199,410,358
41.6,0.225848003914846,0,0.612039981695582,0.049,227,227,392,340
41.64,0.231952004020652,-0.013,0.51479998460376,0.049,247,247,375,358
41.7,0.231952004020652,-0.015,0.466179986057849,0.049,230,264,358,375
41.76,0.231952004020652,-0.007,0.466179986057849,0.049,248,292,375,358
41.82,0.231952004020652,0.008,0.417559987511939,0.048,230,264,355,336
41.83,0.231952004020652,0.014,0.417559987511939,0.046,247,247,375,358
41.89,0.231952004020652,0.003,0.466179986057849,0.044,227,227,358,375
41.75,0.231952004020652,0.003,0.51479998460376,0.043,199,199,340,392
41.81,0.231952004020652,0.012,0.612039981695582,0.044,176,197,355,407
41.87,0.231952004020652,0.009,0.663519980155958,0.045,202,227,375,392
41.93,0.225848003914846,0.003,0.663519980155958,0.046,230,247,392,375
41.95,0.225848003914846,0.004,0.612039981695582,0.048,247,264,375,358
41.99,0.225848003914846,0.015,0.663519980155958,0.048,267,292,355,336
42.05,0.219744003809039,0.027,0.712139978701868,0.046,247,264,375,358
42.11,0.219744003809039,0.028,0.863719974168531,0.044,230,247,392,375
42.14,0.210588003650329,0.018,0.915199972628907,0.043,202,227,375,358
42.16,0.210588003650329,0.012,0.915199972628907,0.043,227,202,358,375
42.02,0.210588003650329,0.013,0.863719974168531,0.044,246,182,340,392
42.08,0.210588003650329,0.008,0.81509997562262,0.046,222,197,355,407
41.94,0.210588003650329,0.004,0.663519980155958,0.049,242,225,337,389
41.8,0.210588003650329,0.012,0.563419983149671,0.05,225,242,333,371
41.86,0.210588003650329,0.013,0.466179986057849,0.049,242,259,352,352
41.92,0.210588003650329,0.009,0.563419983149671,0.046,225,242,371,333
41.98,0.210588003650329,0.001,0.76647997707671,0.044,200,259,389,355
42.04,0.210588003650329,-0.011,0.863719974168531,0.044,225,242,411,373
42.1,0.210588003650329,-0.019,0.81509997562262,0.045,202,227,395,395
42.16,0.210588003650329,-0.018,0.76647997707671,0.046,227,202,375,375
42.02,0.210588003650329,-0.009,0.663519980155958,0.045,246,182,355,355
42.08,0.210588003650329,-0.006,0.612039981695582,0.045,264,205,375,375
42.14,0.210588003650329,-0.003,0.563419983149671,0.046,247,230,358,392
42.2,0.210588003650329,-0.002,0.563419983149671,0.046,264,247,340,410
42.26,0.210588003650329,-0.003,0.51479998460376,0.045,287,262,313,386
42.12,0.210588003650329,0.001,0.51479998460376,0.043,313,292,333,371
42.18,0.210588003650329,0.025,0.51479998460376,0.041,292,313,352,352
42.24,0.210588003650329,0.058,0.51479998460376,0.041,267,292,374,336
42.3,0.210588003650329,0.065,0.466179986057849,0.041,247,264,392,358
42.36,0.210588003650329,0.043,0.417559987511939,0.039,230,247,375,375
42.22,0.210588003650329,0.014,0.417559987511939,0.038,197,222,352,352
42.27,0.210588003650329,0.013,0.366079989051563,0.038,171,192,372,372
42.13,0.210588003650329,0.038,0.317459990505652,0.04,197,222,389,355
42.19,0.210588003650329,0.044,0.2144999935849,0.041,182,246,410,340
42.25,0.210588003650329,0.024,0.2144999935849,0.041,202,227,392,358
42.31,0.204484003544523,0.013,0.263119992130811,0.039,225,242,372,372
42.37,0.204484003544523,0.023,0.466179986057849,0.039,247,230,358,392
42.43,0.204484003544523,0.044,0.663519980155958,0.04,227,202,376,414
42.46,0.204484003544523,0.051,0.76647997707671,0.04,202,227,355,389
42.52,0.204484003544523,0.032,0.712139978701868,0.04,230,247,340,410
42.38,0.204484003544523,-0.001,0.663519980155958,0.039,247,264,313,386
42.44,0.204484003544523,-0.029,0.563419983149671,0.04,225,242,333,371
42.5,0.204484003544523,-0.035,0.563419983149671,0.043,242,259,352,352
42.56,0.204484003544523,-0.019,0.563419983149671,0.043,262,287,371,333
42.62,0.204484003544523,-0.003,0.563419983149671,0.043,287,262,386,313
42.68,0.204484003544523,0.003,0.663519980155958,0.042,307,243,368,291
42.74,0.204484003544523,0.009,0.76647997707671,0.04,284,225,386,313
42.8,0.204484003544523,0.018,0.863719974168531,0.039,259,200,371,333
42.66,0.204484003544523,0.027,0.966679971089283,0.04,241,177,352,352
42.72,0.204484003544523,0.033,1.01529996963519,0.041,222,197,333,371
42.74,0.198380003438716,0.038,1.0639199681811,0.042,197,222,306,379
42.6,0.198380003438716,0.043,0.966679971089283,0.044,177,241,330,400
42.66,0.198380003438716,0.029,0.76647997707671,0.046,200,259,351,424
42.72,0.198380003438716,0.008,0.563419983149671,0.046,225,284,366,404
42.78,0.198380003438716,0.002,0.417559987511939,0.045,242,259,348,382
42.81,0.198380003438716,-0.001,0.317459990505652,0.044,225,242,365,365
42.67,0.198380003438716,0.003,0.263119992130811,0.042,242,225,382,348
42.73,0.198380003438716,0.028,0.2144999935849,0.042,222,197,400,330
42.79,0.204484003544523,0.053,0.165879995038989,0.041,197,222,382,348
42.65,0.210588003650329,0.04,0.165879995038989,0.039,197,241,364,326
42.71,0.210588003650329,0.002,0.263119992130811,0.037,222,222,345,345
42.77,0.219744003809039,-0.019,0.466179986057849,0.037,242,242,348,365
42.83,0.225848003914846,-0.024,0.612039981695582,0.037,262,262,348,382
42.89,0.225848003914846,-0.013,0.612039981695582,0.036,290,290,326,364
42.92,0.225848003914846,-0.007,0.563419983149671,0.035,262,262,303,342
